"id";"Libellé";"Catégorie";"Marque";"Prix d'achat HT";"Fournisseur";"Ref. fournisseur";"Prix de vente";"Taxe";"Code-barres";"Type de déclinaison";"Prix soldé";"Emplacement";"Référence externe";"Compte comptable";"points +";"points -";"Affichable";"En ligne";"Image";"Stock";"Catégorie";"Poids";"Libellé court"
"2";"AMANDES COMPLÈTES SÉLECTION 12-14 MM BIO AB ESPAGNE";"VRAC";"N/A";"0.00827";"Keramis";"";"0.01134";"0.05500";"2430000000027";"";"0.00960";"";"Espagne";"";"0";"0";"1";"0";"";"";"VRAC";"0.00";"AMANDES COMPLÈTES"
"6";"MANGUES SÉCHÉES LAMELLES BIO AB 2,5 KG";"VRAC";"N/A";"0.01170";"Keramis";"";"0.01605";"0.05500";"2430000000065";"";"0.01358";"";"";"";"0";"0";"1";"0";"";"";"VRAC";"0.00";"MANGUES SECHEES"
"7";"NOIX DE CAJOU BIO AB";"VRAC";"N/A";"0.01228";"Keramis";"";"0.01684";"0.05500";"2430000000072";"";"0.01425";"";"";"";"0";"0";"1";"0";"";"";"VRAC";"0.00";"NOIX DE CAJOU"
"10";"RAISINS SULTANINES BIO AB (TURQUIE )";"VRAC";"N/A";"0.00588";"Keramis";"";"0.00806";"0.05500";"2430000000102";"";"0.00682";"";"Turquie";"";"0";"0";"1";"0";"";"";"VRAC";"0.00";"RAISINS SULTANINES"
"12";"POUDRE D'AMANDES ";"VRAC";"N/A";"0.01003";"Keramis";"";"0.01376";"0.05500";"2430000000126";"";"0.01164";"";"Espagne";"";"0";"0";"1";"0";"";"";"VRAC";"0.00";"POUDRE D'AMANDES BLANCHES"
"20";"CHOCOLAT AU LAIT PALET (37% CACAO )";"VRAC";"N/A";"0.01665";"Keramis";"";"0.02284";"0.05500";"2430000000201";"";"0.01932";"";"";"";"0";"0";"1";"0";"";"";"VRAC";"0.00";"CHOCOLAT LAIT COUVERTURE 37%"
"26";"QUINOA BLANC BIO AB - BOLIVIE";"VRAC";"N/A";"0.00489";"Keramis";"";"0.00671";"0.05500";"2430000000263";"";"0.00567";"";"Bolivie";"";"0";"0";"1";"0";"";"";"VRAC";"0.00";"QUINOA BLANC"
"29";"RIZ DE CAMARGUE IGP LONG SEMI COMPLET BIO AB 10KG";"VRAC";"N/A";"0.00304";"Keramis";"";"0.00417";"0.05500";"2430000000294";"";"0.00353";"";"France";"";"0";"0";"1";"0";"";"";"VRAC";"0.00";"RIZ CAMARGUE LG SEMI COMPLET"
"32";"TRIO DE RIZ CAMARGUE";"VRAC";"N/A";"0.00389";"Keramis";"";"0.00534";"0.05500";"2430000000324";"";"0.00451";"";"France";"";"0";"0";"1";"0";"";"";"VRAC";"0.00";"TRIO DE RIZ CAMARGUE"
"37";"GRAINES DE LIN BRUN BIO AB - FRANCE";"VRAC";"N/A";"0.00375";"Keramis";"";"0.00514";"0.05500";"2430000000379";"";"0.00435";"";"France";"";"0";"0";"1";"0";"";"";"VRAC";"0.00";"GRAINES DE LIN BRUN"
"39";"GRAINES DE SÉSAME COMPLET BIO AB – OUGANDA/BURKINA FASO/ETHIOPIE/INDE";"VRAC";"N/A";"0.00432";"Keramis";"";"0.00592";"0.05500";"2430000000393";"";"0.00501";"";"Ouganda";"";"0";"0";"1";"0";"";"";"VRAC";"0.00";"GRAINES DE SÉSAME COMPLET"
"40";"GRAINES DE TOURNESOL BIO AB – FRANCE";"VRAC";"N/A";"0.00510";"Keramis";"";"0.00699";"0.05500";"2430000000409";"";"0.00592";"";"France";"";"0";"0";"1";"0";"";"";"VRAC";"0.00";"GRAINES DE TOURNESOL"
"41";"HARICOTS BLANCS (FRANCE) BIO AB";"VRAC";"N/A";"0.00432";"Keramis";"";"0.00592";"0.05500";"2430000000416";"";"0.00501";"";"France";"";"0";"0";"1";"0";"";"";"VRAC";"0.00";"HARICOTS BLANCS"
"42";"HARICOTS ROUGES (FRANCE) BIO AB";"VRAC";"N/A";"0.00432";"Keramis";"";"0.00592";"0.05500";"2430000000423";"";"0.00501";"";"France";"";"0";"0";"1";"0";"";"";"VRAC";"0.00";"HARICOTS ROUGES"
"43";"LENTILLES CORAIL ENTIÈRES BIO AB - TURQUIE";"VRAC";"N/A";"0.00214";"Keramis";"";"0.00294";"0.05500";"2430000000430";"";"0.00248";"";"Turquie";"";"0";"0";"1";"0";"";"";"VRAC";"0.00";"LENTILLES CORAIL ENTIÈRES"
"65";"CANNELLE ÉCORCE POUDRE BIO AB";"VRAC";"N/A";"0.01272";"Keramis";"";"0.01745";"0.05500";"2430000000652";"";"0.01476";"";"";"";"0";"0";"1";"0";"";"";"VRAC";"0.00";"CANNELLE ÉCORCE POUDRE"
"67";"CORIANDRE POUDRE BIO AB";"VRAC";"N/A";"0.01247";"Keramis";"";"0.01710";"0.05500";"2430000000676";"";"0.01447";"";"";"";"0";"0";"1";"0";"";"";"VRAC";"0.00";"CORIANDRE POUDRE"
"69";"CUMIN POUDRE BIO AB";"VRAC";"N/A";"0.02845";"Keramis";"";"0.03902";"0.05500";"2430000000690";"";"0.03302";"";"";"";"0";"0";"1";"0";"";"";"VRAC";"0.00";"CUMIN POUDRE"
"71";"CURRY DOUX POUDRE BIO AB";"VRAC";"N/A";"0.01828";"Keramis";"";"0.02507";"0.05500";"2430000000713";"";"0.02121";"";"";"";"0";"0";"1";"0";"";"";"VRAC";"0.00";"CURRY DOUX POUDRE"
"72";"GINGEMBRE RACINE POUDRE BIO AB";"VRAC";"N/A";"0.02190";"Keramis";"";"0.03004";"0.05500";"2430000000720";"";"0.02541";"";"";"";"0";"0";"1";"0";"";"";"VRAC";"0.00";"GINGEMBRE RACINE POUDRE"
"73";"HERBES DE PROVENCE BIO AB 5KG (FEUILLES ENTIÈRES) SANS MARJOLAINE";"VRAC";"N/A";"0.02045";"Keramis";"";"0.02805";"0.05500";"2430000000737";"";"0.02373";"";"";"";"0";"0";"1";"0";"";"";"VRAC";"0.00";"HERBES DE PROVENCE"
"74";"MÉLANGE 4 ÉPICES (CANNELLE, POIVRE, MUSCADE, CLOU DE GIROFLE) BIO AB";"VRAC";"N/A";"0.02195";"Keramis";"";"0.03010";"0.05500";"2430000000744";"";"0.02547";"";"";"";"0";"0";"1";"0";"";"";"VRAC";"0.00";"MÉLANGE 4 ÉPICES"
"76";"MUSCADE POUDRE BIO AB";"VRAC";"N/A";"0.03914";"Keramis";"";"0.05368";"0.05500";"2430000000768";"";"0.04542";"";"";"";"0";"0";"1";"0";"";"";"VRAC";"0.00";"MUSCADE POUDRE"
"77";"PAPRIKA DOUX POUDRE BIO AB AOP";"VRAC";"N/A";"0.03098";"Keramis";"";"0.04249";"0.05500";"2430000000775";"";"0.03595";"";"";"";"0";"0";"1";"0";"";"";"VRAC";"0.00";"PAPRIKA DOUX POUDRE"
"79";"PIMENT DE CAYENNE POUDRE BIO AB";"VRAC";"N/A";"0.03011";"Keramis";"";"0.04130";"0.05500";"2430000000799";"";"0.03494";"";"";"";"0";"0";"1";"0";"";"";"VRAC";"0.00";"PIMENT DE CAYENNE POUDRE"
"80";"POIVRE BLANC POUDRE BIO AB";"VRAC";"N/A";"0.04210";"Keramis";"";"0.05774";"0.05500";"2430000000805";"";"0.04886";"";"";"";"0";"0";"1";"0";"";"";"VRAC";"0.00";"POIVRE BLANC POUDRE"
"81";"POIVRE BLANC GRAINS BIO AB";"VRAC";"N/A";"0.04116";"Keramis";"";"0.05645";"0.05500";"2430000000812";"";"0.04777";"";"";"";"0";"0";"1";"0";"";"";"VRAC";"0.00";"POIVRE BLANC GRAINS"
"82";"POIVRE NOIR POUDRE BIO AB";"VRAC";"N/A";"0.02380";"Keramis";"";"0.03264";"0.05500";"2430000000829";"";"0.02762";"";"";"";"0";"0";"1";"0";"";"";"VRAC";"0.00";"POIVRE NOIR POUDRE"
"83";"POIVRE NOIR GRAINS BIO AB";"VRAC";"N/A";"0.02284";"Keramis";"";"0.03133";"0.05500";"2430000000836";"";"0.02651";"";"";"";"0";"0";"1";"0";"";"";"VRAC";"0.00";"POIVRE NOIR GRAINS"
"85";"PUR JUS DE CITRON (1L) PHILIA";"Epicerie sec";"N/A";"3.86000";"Relais Vert";"";"5.29000";"0.05500";"3520836130087";"";"4.48000";"";"";"";"0";"0";"1";"0";"";"";"Epicerie sec";"1000.00";"JUS DE CITRON"
"86";"FARINE PETIT ÉPEAUTRE BIO";"VRAC";"N/A";"0.00374";"Du bio dans l'assiette";"";"0.00513";"0.05500";"2430000000867";"";"0.00434";"";"Mirepoix";"";"0";"0";"1";"0";"";"";"VRAC";"0.00";"FARINE PETIT ÉPEAUTRE"
"87";"FARINE GRAND ÉPEAUTRE BIO";"VRAC";"N/A";"0.00357";"Du bio dans l'assiette";"";"0.00490";"0.05500";"2430000000874";"";"0.00414";"";"Mirepoix";"";"0";"0";"1";"0";"";"";"VRAC";"0.00";"FARINE GRAND ÉPEAUTRE"
"88";"FARINE BLÉ T65 BIO";"VRAC";"N/A";"0.00154";"Du bio dans l'assiette";"";"0.00211";"0.05500";"2430000000881";"";"0.00179";"";"Mirepoix";"";"0";"0";"1";"0";"";"";"VRAC";"0.00";"FARINE BLÉ T65"
"90";"FARINE BLÉ ANCIEN T80 BIO";"VRAC";"N/A";"0.00220";"Du bio dans l'assiette";"";"0.00302";"0.05500";"2430000000904";"";"0.00255";"";"Mirepoix";"";"0";"0";"1";"0";"";"";"VRAC";"0.00";"FARINE BLÉ ANCIEN T80"
"92";"FARINE DE POIS CHICHE BIO";"VRAC";"N/A";"0.00450";"Du bio dans l'assiette";"";"0.00617";"0.05500";"2430000000928";"";"0.00522";"";"Mirepoix";"";"0";"0";"1";"0";"";"";"VRAC";"0.00";"FARINE DE POIS CHICHE"
"93";"FARINE SEIGLE T80 BIO";"VRAC";"N/A";"0.00220";"Du bio dans l'assiette";"";"0.00302";"0.05500";"2430000000935";"";"0.00255";"";"Mirepoix";"";"0";"0";"1";"0";"";"";"VRAC";"0.00";"FARINE SEIGLE T80"
"94";"FARINE SARRASIN BIO";"VRAC";"N/A";"0.00350";"Du bio dans l'assiette";"";"0.00480";"0.05500";"2430000000942";"";"0.00406";"";"Mirepoix";"";"0";"0";"1";"0";"";"";"VRAC";"0.00";"FARINE SARRASIN"
"95";"LENTILLES VERTES BIO";"VRAC";"N/A";"0.00395";"Du bio dans l'assiette";"";"0.00542";"0.05500";"2430000000959";"";"0.00458";"";"Mirepoix";"";"0";"0";"1";"0";"";"";"VRAC";"0.00";"LENTILLES VERTES"
"97";"POIS CHICHE BIO";"VRAC";"N/A";"0.00315";"Du bio dans l'assiette";"";"0.00432";"0.05500";"2430000000973";"";"0.00366";"";"Mirepoix";"";"0";"0";"1";"0";"";"";"VRAC";"0.00";"POIS CHICHE"
"104";"HUILE DE CAMELINE 25CL";"Epicerie sec";"N/A";"5.10000";"Du bio dans l'assiette";"";"6.99000";"0.05500";"2430000001048";"";"5.92000";"";"Mirepoix";"";"0";"0";"1";"0";"";"";"Epicerie sec";"250.00";"HUILE DE CAMELINE"
"105";"HUILE DE TOURNESOL BIO 5L";"Epicerie sec";"N/A";"24.50000";"Du bio dans l'assiette";"";"33.60000";"0.05500";"2430000001055";"";"28.45000";"";"Mirepoix";"";"0";"0";"1";"0";"";"";"Epicerie sec";"5000.00";"HUILE DE TOURNESOL"
"106";"HUILE DE TOURNESOL 75CL";"Epicerie sec";"N/A";"5.90000";"Du bio dans l'assiette";"";"8.09000";"0.05500";"2430000001062";"";"6.85000";"";"Mirepoix";"";"0";"0";"1";"0";"";"";"Epicerie sec";"750.00";"HUILE DE TOURNESOL"
"108";"AMANDE CUISINE (20CL) LIMA";"Epicerie sec";"N/A";"0.91000";"Relais Vert";"";"1.25000";"0.05500";"5411788048958";"";"1.06000";"";"";"";"0";"0";"1";"0";"";"";"Epicerie sec";"200.00";"AMANDE CUISINE"
"109";"AVOINE CUISINE (20CL) LIMA";"Epicerie sec";"N/A";"0.88000";"Relais Vert";"";"1.21000";"0.05500";"5411788045612";"";"1.02000";"";"";"";"0";"0";"1";"0";"";"";"Epicerie sec";"200.00";"AVOINE CUISINE "
"110";"BICARBONATE DE SOUDE TECHNIQUE (1KG) MAISON PINSON";"Hygiene";"N/A";"2.32000";"Relais Vert";"";"3.62000";"0.20000";"3520831630698";"";"3.06000";"";"";"";"0";"0";"1";"0";"";"";"Hygiene";"1000.00";"BICARBONATE DE SOUDE"
"111";"BOISSON AU SOJA NATURE (1L) BIO POUR TOUS";"Epicerie sec";"N/A";"1.41000";"Relais Vert";"";"1.93000";"0.05500";"3760295171089";"";"1.64000";"";"";"";"0";"0";"1";"0";"";"";"Epicerie sec";"1000.00";"BOISSON AU SOJA NATURE"
"112";"BOISSON D'AMANDE SANS SUCRE (1L) BIO POUR TOUS";"Epicerie sec";"N/A";"2.12000";"Relais Vert";"";"2.91000";"0.05500";"3760295170235";"";"2.46000";"";"";"";"0";"0";"1";"0";"";"";"Epicerie sec";"1000.00";"BOISSON AMANDE SANS SUCRE"
"113";"BOISSON D'AVOINE (1L) BIO POUR TOUS";"Epicerie sec";"N/A";"1.08000";"Relais Vert";"";"1.48000";"0.05500";"3760295170259";"";"1.26000";"";"";"";"0";"0";"1";"0";"";"";"Epicerie sec";"1000.00";"BOISSON D'AVOINE"
"114";"BOISSON RIZ NATURE (1L) BIO POUR TOUS";"Epicerie sec";"N/A";"1.32000";"Relais Vert";"";"1.81000";"0.05500";"3760295170013";"";"1.53000";"";"";"";"0";"0";"1";"0";"";"";"Epicerie sec";"1000.00";"BOISSON RIZ NATURE"
"115";"BOUILLON DE LEGUME CUBES (66G) PHILIA";"Epicerie sec";"N/A";"0.99000";"Relais Vert";"";"1.36000";"0.05500";"3520832230064";"";"1.15000";"";"";"";"0";"0";"1";"0";"";"";"Epicerie sec";"66.00";"BOUILLON DE LEGUME CUBES"
"116";"BOUILLON DE POULE CUBES (66G) PHILIA";"Epicerie sec";"N/A";"1.11000";"Relais Vert";"";"1.52000";"0.05500";"3520832230088";"";"1.29000";"";"";"";"0";"0";"1";"0";"";"";"Epicerie sec";"66.00";"BOUILLON DE POULE CUBES"
"117";"CACAO MAIGRE EN POUDRE 10-12% (250G) KAOKA";"Epicerie sec";"N/A";"3.20000";"Relais Vert";"";"4.39000";"0.05500";"3477730009011";"";"3.71000";"";"";"";"0";"0";"1";"0";"";"";"Epicerie sec";"250.00";"CACAO EN POUDRE 10-12%"
"119";"CHICOREE INSTANT SOLUBLE (100G) LIMA";"Epicerie sec";"N/A";"3.00000";"Relais Vert";"";"4.11000";"0.05500";"5411788047166";"";"3.48000";"";"";"";"0";"0";"1";"0";"";"";"Epicerie sec";"100.00";"CHICOREE INSTANT SOLUBLE"
"120";"CHIPS SALEES (125G) TRA' FO";"Epicerie sec";"N/A";"1.67000";"Relais Vert";"";"2.29000";"0.05500";"8718754502030";"";"1.94000";"";"";"";"0";"0";"1";"0";"";"";"Epicerie sec";"125.00";"CHIPS SALEES"
"121";"CHIPS SEL ET VINAIGRE (125G) TRA' FO";"Epicerie sec";"N/A";"1.63000";"Relais Vert";"";"2.24000";"0.05500";"8718754502115";"";"1.89000";"";"";"";"0";"0";"1";"0";"";"";"Epicerie sec";"125.00";"CHIPS SEL ET VINAIGRE"
"122";"PASSATA (680G) PHILIA";"Epicerie sec";"N/A";"1.31000";"Relais Vert";"";"1.80000";"0.05500";"3520832130401";"";"1.52000";"";"";"";"0";"0";"1";"0";"";"";"Epicerie sec";"680.00";"PASSATA"
"123";"CREME CUISINE LAIT COCO TETRA (200ML)ECOMIL";"Epicerie sec";"N/A";"1.30000";"Relais Vert";"";"1.78000";"0.05500";"8428532230092";"";"1.51000";"";"";"";"0";"0";"1";"0";"";"";"Epicerie sec";"200.00";"CREME CUISINE LAIT COCO"
"125";"EAU MINERALE NATURELLE (1,5L) EAU MONTCALM";"Epicerie sec";"N/A";"0.74000";"Relais Vert";"";"1.01000";"0.05500";"3435230150213";"";"0.86000";"";"";"";"0";"0";"1";"0";"";"";"Epicerie sec";"1500.00";"EAU MINERALE NATURELLE"
"126";"ECO RECHARGE CURRY MADRAS (35G) COOK ARCADIE";"Epicerie sec";"N/A";"2.05000";"Relais Vert";"";"2.81000";"0.05500";"3417960045489";"";"2.38000";"";"";"";"0";"0";"1";"0";"";"";"Epicerie sec";"35.00";"CURRY MADRAS"
"127";"ECO RECHARGE GARAM MASALA (35G) COOK ARCADIE";"Epicerie sec";"N/A";"2.31000";"Relais Vert";"";"3.17000";"0.05500";"3417960043355";"";"2.68000";"";"";"";"0";"0";"1";"0";"";"";"Epicerie sec";"35.00";"GARAM MASALA"
"128";"ECO RECHARGE HERBES DE PROVENCE (20G) COOK ARCADIE";"Epicerie sec";"N/A";"1.92000";"Relais Vert";"";"2.63000";"0.05500";"3417960042051";"";"2.23000";"";"";"";"0";"0";"1";"0";"";"";"Epicerie sec";"20.00";"HERBES DE PROVENCE"
"129";"ECO RECHARGE MUSCADE POUDRE (35G) COOK ARCADIE";"Epicerie sec";"N/A";"2.97000";"Relais Vert";"";"4.07000";"0.05500";"3417960042013";"";"3.45000";"";"";"";"0";"0";"1";"0";"";"";"Epicerie sec";"35.00";"MUSCADE POUDRE"
"130";"ECO RECHARGE ORIGAN FEUILLES (13G) COOK ARCADIE";"Epicerie sec";"N/A";"1.32000";"Relais Vert";"";"1.81000";"0.05500";"3417960041986";"";"1.53000";"";"";"";"0";"0";"1";"0";"";"";"Epicerie sec";"13.00";"ORIGAN FEUILLES"
"131";"ECO RECHARGE POIVRE NOIR GRAINS (50G) COOK ARCADIE";"Epicerie sec";"N/A";"2.43000";"Relais Vert";"";"3.33000";"0.05500";"3417960042044";"";"2.82000";"";"";"";"0";"0";"1";"0";"";"";"Epicerie sec";"50.00";"POIVRE NOIR GRAINS"
"132";"ECO RECHARGE THYM FEUILLES (15G) COOK ARCADIE";"Epicerie sec";"N/A";"1.59000";"Relais Vert";"";"2.18000";"0.05500";"3417960042068";"";"1.85000";"";"";"";"0";"0";"1";"0";"";"";"Epicerie sec";"15.00";"THYM FEUILLES"
"133";"FILETS DE MAQUEREAUX FORMAT LONG A L'HUILE D'OLIVE VIERGE EXTRA (151G) PHARE";"Epicerie sec";"N/A";"3.24000";"Relais Vert";"";"4.44000";"0.05500";"3263670008500";"";"3.76000";"";"";"";"0";"0";"1";"0";"";"";"Epicerie sec";"151.00";"FILETS DE MAQUEREAUX"
"134";"FOIE DE MORUE AU NATUREL (121G) PHARE D'ECKMUHL";"Epicerie sec";"N/A";"2.47000";"Relais Vert";"";"3.39000";"0.05500";"3263670991116";"";"2.87000";"";"";"";"0";"0";"1";"0";"";"";"Epicerie sec";"121.00";"FOIE DE MORUE AU NATUREL"
"135";"GALETTES DE RIZ (100G) LIMA";"Epicerie sec";"N/A";"0.97000";"Relais Vert";"";"1.33000";"0.05500";"5411788002493";"";"1.13000";"";"";"";"0";"0";"1";"0";"";"";"Epicerie sec";"100.00";"GALETTES DE RIZ"
"138";"HARICOTS VERTS EXTRA FINS AU NATUREL (400G - PNE 220G) BIO POUR TOUS";"Epicerie sec";"N/A";"1.45000";"Relais Vert";"";"1.99000";"0.05500";"3760295171621";"";"1.68000";"";"";"";"0";"0";"1";"0";"";"";"Epicerie sec";"400.00";"HARICOTS VERTS EXTRA FINS"
"140";"PETITS POIS AU NATUREL (400G - PNE 280G) BIO POUR TOUS";"Epicerie sec";"N/A";"1.50000";"Relais Vert";"";"2.06000";"0.05500";"3760295171645";"";"1.74000";"";"";"";"0";"0";"1";"0";"";"";"Epicerie sec";"400.00";"PETITS POIS AU NATUREL"
"141";"HUILE DE COCO VIERGE (200ML) BIOPLANETE";"Epicerie sec";"N/A";"3.35000";"Relais Vert";"";"4.59000";"0.05500";"3445020105286";"";"3.87000";"";"";"";"0";"0";"1";"0";"";"";"Epicerie sec";"200.00";"HUILE DE COCO VIERGE"
"144";"LENTILLES VERTES AU NATUREL (340G – PNE 240G) CHAMPLAT";"Epicerie sec";"N/A";"2.55000";"Relais Vert";"";"3.50000";"0.05500";"3493832060385";"";"2.96000";"";"";"";"0";"0";"1";"0";"";"";"Epicerie sec";"340.00";"LENTILLES VERTES NATUREL"
"147";"MAIS DOUX EN GRAINS AU NATUREL (150G – PNE 140G) BIO POUR TOUS";"Epicerie sec";"N/A";"0.87000";"Relais Vert";"";"1.19000";"0.05500";"3760295171607";"";"1.01000";"";"";"";"0";"0";"1";"0";"";"";"Epicerie sec";"150.00";"MAIS DOUX NATUREL"
"149";"MILLET DECORTIQUE (500G) MARKAL";"Epicerie sec";"N/A";"1.68000";"Relais Vert";"";"2.30000";"0.05500";"3329482411201";"";"1.95000";"";"";"";"0";"0";"1";"0";"";"";"Epicerie sec";"500.00";"MILLET DECORTIQUE"
"150";"FUSILLIS RIZ MAIS (300G) CELIANE";"Epicerie sec";"N/A";"2.24000";"Relais Vert";"";"3.07000";"0.05500";"3700566453582";"";"2.60000";"";"";"";"0";"0";"1";"0";"";"";"Epicerie sec";"300.00";"FUSILLIS RIZ MAIS"
"151";"MUESLI AUX FRUITS (1KG) BIO POUR TOUS";"Epicerie sec";"N/A";"4.91000";"Relais Vert";"";"6.73000";"0.05500";"3760295170990";"";"5.70000";"";"";"";"0";"0";"1";"0";"";"";"Epicerie sec";"1000.00";"MUESLI AUX FRUITS"
"152";"NETTOYANT WC SENTEUR PIN ECOCERT (750ML) ECOVER";"Epicerie sec";"N/A";"2.76000";"Relais Vert";"";"4.31000";"0.20000";"5412533410662";"";"3.64000";"";"";"";"0";"0";"1";"0";"";"";"Epicerie sec";"750.00";"NETTOYANT WC SENTEUR PIN"
"153";"OLIVES NOIRES KALAMATA ENTIERE (350G – PNE 200G) PHILIA";"Epicerie sec";"N/A";"2.55000";"Relais Vert";"";"3.50000";"0.05500";"3520832130838";"";"2.96000";"";"";"";"0";"0";"1";"0";"";"";"Epicerie sec";"350.00";"OLIVES NOIRES KALAMATA"
"154";"OLIVES VERTES ENTIERE (350G - PNE 190G) PHILIA";"Epicerie sec";"N/A";"2.10000";"Relais Vert";"";"2.88000";"0.05500";"3520832130869";"";"2.44000";"";"";"";"0";"0";"1";"0";"";"";"Epicerie sec";"350.00";"OLIVES VERTES"
"157";"PATE A TARTINER NOCCIOLATA SANS LAIT (325G) NOCCIOLATA";"Epicerie sec";"N/A";"3.75000";"Relais Vert";"";"5.14000";"0.05500";"8052575090308";"";"4.35000";"";"";"";"0";"0";"1";"0";"";"";"Epicerie sec";"325.00";"NOCCIOLATA SANS LAIT"
"158";"POIS CASSES VERTS (500G) CELNAT";"Epicerie sec";"N/A";"2.48000";"Relais Vert";"";"3.40000";"0.05500";"3273120012698";"";"2.88000";"";"";"";"0";"0";"1";"0";"";"";"Epicerie sec";"500.00";"POIS CASSES VERTS"
"159";"POUDRE A LEVER SANS GLUTEN (8X10G) CULINAT";"Epicerie sec";"N/A";"1.16000";"Relais Vert";"";"1.59000";"0.05500";"3278584930021";"";"1.35000";"";"";"";"0";"0";"1";"0";"";"";"Epicerie sec";"80.00";"POUDRE A LEVER"
"160";"PROTEINES DE SOJA ENTIERE (200G) CELNAT";"Epicerie sec";"N/A";"2.37000";"Relais Vert";"";"3.25000";"0.05500";"3273120024028";"";"2.75000";"";"";"";"0";"0";"1";"0";"";"";"Epicerie sec";"200.00";"PROTEINES DE SOJA"
"161";"SARDINES AU NATUREL (135G - PNE 95G) PHARE D'ECKMUHL";"Epicerie sec";"N/A";"2.95000";"Relais Vert";"";"4.05000";"0.05500";"3263670138016";"";"3.42000";"";"";"";"0";"0";"1";"0";"";"";"Epicerie sec";"135.00";"SARDINES"
"162";"SAUCE TOMATE PROVENCALE (200G) CHAMPLAT";"Epicerie sec";"N/A";"1.96000";"Relais Vert";"";"2.69000";"0.05500";"3493831020205";"";"2.27000";"";"";"";"0";"0";"1";"0";"";"";"Epicerie sec";"200.00";"SAUCE TOMATE"
"163";"SEL FIN (1KG) BIODYSSEE";"Epicerie sec";"N/A";"2.15000";"Relais Vert";"";"2.95000";"0.05500";"3760308961553";"";"2.50000";"";"";"";"0";"0";"1";"0";"";"";"Epicerie sec";"1000.00";"SEL FIN"
"164";"SEL ROSE FIN DE L'HIMALAYA (1KG) PHILIA";"Epicerie sec";"N/A";"2.65000";"Relais Vert";"";"3.63000";"0.05500";"3520831330833";"";"3.07000";"";"";"";"0";"0";"1";"0";"";"";"Epicerie sec";"1000.00";"SEL ROSE FIN DE L'HIMALAYA"
"165";"SERVIETTE ULTRA SUPER A RABATS (X12) NATRACARE BODYWISE";"Hygiene";"N/A";"2.75000";"Relais Vert";"";"4.29000";"0.20000";"782126003089";"";"3.63000";"";"";"";"0";"0";"1";"0";"";"";"Hygiene";"0.00";"SERVIETTE ULTRA A RABATS X12"
"166";"SOJA CUISINE (20CL) LIMA";"Epicerie sec";"N/A";"0.80000";"Relais Vert";"";"1.10000";"0.05500";"5411788046992";"";"0.93000";"";"";"";"0";"0";"1";"0";"";"";"Epicerie sec";"200.00";"SOJA CUISINE"
"167";"SPAGHETTI BLANCS (500G) BIO POUR TOUS";"Epicerie sec";"N/A";"0.97000";"Relais Vert";"";"1.33000";"0.05500";"3760295170075";"";"1.13000";"";"";"";"0";"0";"1";"0";"";"";"Epicerie sec";"500.00";"SPAGHETTI BLANCS"
"168";"SPAGHETTI DEMI COMPLET (500G) BIO POUR TOUS";"Epicerie sec";"N/A";"0.97000";"Relais Vert";"";"1.33000";"0.05500";"3760295170167";"";"1.13000";"";"";"";"0";"0";"1";"0";"";"";"Epicerie sec";"500.00";"SPAGHETTI DEMI COMPLET"
"169";"TABLETTE CHOCOLAT LAIT 32% NOISETTES ENTIERES (100G) VIVANI";"Epicerie sec";"N/A";"2.22000";"Relais Vert";"";"3.04000";"0.05500";"4044889000078";"";"2.58000";"";"";"";"0";"0";"1";"0";"";"";"Epicerie sec";"100.00";"CHOCOLAT LAIT 32% NOISETTES"
"170";"TABLETTE CHOCOLAT LAIT 33% (100G) VIVANI";"Epicerie sec";"N/A";"2.25000";"Relais Vert";"";"3.09000";"0.05500";"4044889001037";"";"2.61000";"";"";"";"0";"0";"1";"0";"";"";"Epicerie sec";"100.00";"CHOCOLAT LAIT 33%"
"171";"TABLETTE CHOCOLAT NOIR 55% AMANDES (100G) VIVANI";"Epicerie sec";"N/A";"2.22000";"Relais Vert";"";"3.04000";"0.05500";"4044889003208";"";"2.58000";"";"";"";"0";"0";"1";"0";"";"";"Epicerie sec";"100.00";"CHOCOLAT NOIR 55% AMANDES"
"172";"TABLETTE CHOCOLAT NOIR 70% DESSERT COUVERTURE (200G) VIVANI";"Epicerie sec";"N/A";"4.38000";"Relais Vert";"";"6.01000";"0.05500";"4044889002225";"";"5.08000";"";"";"";"0";"0";"1";"0";"";"";"Epicerie sec";"200.00";"CHOCOLAT NOIR 70% DESSERT"
"173";"TABLETTE CHOCOLAT NOIR 75% DE PANAMA AU SUCRE DE FLEUR DE COCOTIER (80G) VIVANI";"Epicerie sec";"N/A";"2.56000";"Relais Vert";"";"3.51000";"0.05500";"4044889002713";"";"2.97000";"";"";"";"0";"0";"1";"0";"";"";"Epicerie sec";"80.00";"CHOCOLAT NOIR 75% FLEUR COCO"
"174";"TABLETTE CHOCOLAT NOIR 92% DE PANAMA AU SUCRE DE FLEUR DE COCOTIER (80G) VIVANI";"Epicerie sec";"N/A";"2.57000";"Relais Vert";"";"3.52000";"0.05500";"4044889002249";"";"2.98000";"";"";"";"0";"0";"1";"0";"";"";"Epicerie sec";"80.00";"CHOCOLAT NOIR 92% FLEUR COCO"
"175";"SAUCE SOJA TAMARI (200ML) AUTOUR DU RIZ";"Epicerie sec";"N/A";"3.00000";"Relais Vert";"";"4.11000";"0.05500";"3760275570758";"";"3.48000";"";"";"";"0";"0";"1";"0";"";"";"Epicerie sec";"200.00";"SAUCE SOJA TAMARI "
"176";"TAMPON NORMAL EN COTON 100% BIO SANS APPLICATEUR (X20) NATRACARE BODYWISE";"Hygiene";"N/A";"3.10000";"Relais Vert";"";"4.84000";"0.05500";"782126001009";"";"4.09200";"";"";"";"0";"0";"1";"0";"";"";"Hygiene";"0.00";"TAMPON NORMAL EN COTON 100%"
"177";"THON LISTAO NATUREL (160G - PNE 112G) PHARE D'ECKMUHL";"Epicerie sec";"N/A";"2.68000";"Relais Vert";"";"3.68000";"0.05500";"3263670451016";"";"3.11000";"";"";"";"0";"0";"1";"0";"";"";"Epicerie sec";"160.00";"THON NATUREL"
"178";"TOMATES CONCASSEES (400G) BIO POUR TOUS";"Epicerie sec";"N/A";"0.87000";"Relais Vert";"";"1.19000";"0.05500";"3760295171454";"";"1.00000";"";"";"";"0";"0";"1";"0";"";"";"Epicerie sec";"400.00";"TOMATES CONCASSEES"
"179";"TOMATES PELEES (400G) BIO POUR TOUS";"Epicerie sec";"N/A";"0.88000";"Relais Vert";"";"1.20000";"0.05500";"3760295171430";"";"1.02000";"";"";"";"0";"0";"1";"0";"";"";"Epicerie sec";"400.00";"TOMATES PELEES"
"180";"TORTILLA CHIPS NATURE (150G) PHILIA";"Epicerie sec";"N/A";"1.53000";"Relais Vert";"";"2.10000";"0.05500";"3520832340565";"";"1.78000";"";"";"";"0";"0";"1";"0";"";"";"Epicerie sec";"150.00";"TORTILLA CHIPS NATURE"
"181";"VINAIGRE BALSAMIQUE DE MODENE 6% (50CL) BIO POUR TOUS";"Epicerie sec";"N/A";"3.48000";"Relais Vert";"";"4.77000";"0.05500";"3760295170426";"";"4.04000";"";"";"";"0";"0";"1";"0";"";"";"Epicerie sec";"500.00";"VINAIGRE BALSAMIQUE"
"182";"VINAIGRE BLANC MENAGER D'ALCOOL 12% (1L) MAISON PINSON";"Epicerie sec";"N/A";"1.53000";"Relais Vert";"";"2.39000";"0.05500";"3520836330074";"";"2.02000";"";"";"";"0";"0";"1";"0";"";"";"Epicerie sec";"1000.00";"VINAIGRE BLANC 12%"
"183";"VINAIGRE DE CIDRE (75CL) BIO POUR TOUS";"Epicerie sec";"N/A";"2.19000";"Relais Vert";"";"3.00000";"0.05500";"3760295170280";"";"2.54000";"";"";"";"0";"0";"1";"0";"";"";"Epicerie sec";"750.00";"VINAIGRE DE CIDRE"
"184";"PUREE D'AMANDES BLANCHES ";"Epicerie sec";"N/A";"5.75000";"Relais Vert";"";"7.89000";"0.05500";"8002352300007";"";"6.67000";"";"";"";"0";"0";"1";"0";"";"";"Epicerie sec";"0.00";"PUREE D'AMANDES BLANCHES "
"185";"BEURRE DE CACAHUETES (270G) GO NUTS";"Epicerie sec";"N/A";"3.56000";"Relais Vert";"";"4.88000";"0.05500";"3770008500129";"";"4.13000";"";"";"";"0";"0";"1";"0";"";"";"Epicerie sec";"270.00";"BEURRE DE CACAHUETES "
"187";"SHAMPOOING CHEVEUX NORMAUX AU SAVON D'ALEP (500ML) NAJEL";"Hygiene";"N/A";"6.51000";"Relais Vert";"";"10.15560";"0.05500";"3760061220775";"";"8.59000";"";"";"";"0";"0";"1";"0";"";"";"Hygiene";"500.00";"SHAMPOOING AU SAVON D'ALEP"
"188";"COOKIES CHOCOLAT NOISETTES AVEC ETUI CARTON (175G) BISSON";"Epicerie sec";"N/A";"2.92000";"Relais Vert";"";"4.00000";"0.05500";"3380380105340";"";"3.39000";"";"";"";"0";"0";"1";"0";"";"";"Epicerie sec";"175.00";"COOKIES CHOCO NOISETTES"
"189";"CORN FLAKES NATURE SANS SUCRE (500G) GRILLON D' OR";"Epicerie sec";"N/A";"3.86000";"Relais Vert";"";"5.29000";"0.05500";"3421557111044";"";"4.48000";"";"";"";"0";"0";"1";"0";"";"";"Epicerie sec";"500.00";"CORN FLAKES SANS SUCRE"
"190";"TARTINES AU SARRASIN (150G) LE PAIN DES FLEURS";"Epicerie sec";"N/A";"2.55000";"Relais Vert";"";"3.50000";"0.05500";"3380380048432";"";"2.96000";"";"";"";"0";"0";"1";"0";"";"";"Epicerie sec";"150.00";"TARTINES AU SARRASIN"
"191";"COMPOTE DE POMME DEMETER (660G) COTEAUX NANTAIS";"Epicerie sec";"N/A";"3.25000";"Relais Vert";"";"4.46000";"0.05500";"3301594000092";"";"3.77000";"";"";"";"0";"0";"1";"0";"";"";"Epicerie sec";"660.00";"COMPOTE DE POMME DEMETER"
"192";"DESSERT VEGETAL FERMENTE COCO NATURE LEGERE (400G) YA";"Epicerie frais";"N/A";"2.90000";"Relais Vert";"";"3.98000";"0.05500";"3760192499903";"";"3.36000";"";"";"";"0";"0";"1";"0";"";"";"Epicerie frais";"400.00";"DESSERT VEGETAL COCO"
"193";"PATE FEUILLETEE A DEROULER (230G) NATUR'AVENIR";"Epicerie frais";"N/A";"1.82000";"Relais Vert";"";"2.50000";"0.05500";"3520837620013";"";"2.11000";"";"";"";"0";"0";"1";"0";"";"";"Epicerie frais";"230.00";"PATE FEUILLETEE"
"196";"CREME FRAICHE DE BREBIS 60% MG (25CL) GABORIT";"Epicerie frais";"N/A";"2.59000";"Relais Vert";"";"3.55000";"0.05500";"3438860003003";"";"3.01000";"";"";"";"0";"0";"1";"0";"";"";"Epicerie frais";"25.00";"CREME FRAICHE BREBIS 60%"
"197";"CREME FRAICHE PASTEURISEE 56% MG (25CL) GABORIT";"Epicerie frais";"N/A";"2.63000";"Relais Vert";"";"3.61000";"0.05500";"3438860002815";"";"3.05000";"";"";"";"0";"0";"1";"0";"";"";"Epicerie frais";"25.00";"CREME FRAICHE PASTEURISEE 56%"
"198";"BEURRE CRU DEMI SEL (125G) GABORIT";"Epicerie frais";"N/A";"2.26000";"Relais Vert";"";"3.10000";"0.05500";"3438860004055";"";"2.62000";"";"";"";"0";"0";"1";"0";"";"";"Epicerie frais";"125.00";"BEURRE CRU DEMI SEL"
"199";"BEURRE CRU DOUX (125G) GABORIT";"Epicerie frais";"N/A";"2.29000";"Relais Vert";"";"3.14000";"0.05500";"3438860004062";"";"2.66000";"";"";"";"0";"0";"1";"0";"";"";"Epicerie frais";"125.00";"BEURRE CRU DOUX"
"200";"BEURRE DE BARATTE DEMI-SEL (250G) NATUR'AVENIR";"Epicerie frais";"N/A";"3.01000";"Relais Vert";"";"4.13000";"0.05500";"3520837320203";"";"3.49000";"";"";"";"0";"0";"1";"0";"";"";"Epicerie frais";"250.00";"BEURRE BARATTE DEMI-SEL"
"201";"BEURRE DE BARATTE DOUX (250G) NATUR'AVENIR";"Epicerie frais";"N/A";"3.01000";"Relais Vert";"";"4.13000";"0.05500";"3520837320197";"";"3.49000";"";"";"";"0";"0";"1";"0";"";"";"Epicerie frais";"250.00";"BEURRE BARATTE DOUX"
"203";"CREME ENTIERE LIQUIDE STERILISEE UHT 30% (3X20CL) NATUR'AVENIR";"Epicerie sec";"N/A";"3.56000";"Relais Vert";"";"4.88000";"0.05500";"3520836230039";"";"4.13000";"";"";"";"0";"0";"1";"0";"";"";"Epicerie sec";"600.00";"CREME ENTIERE UHT 30%"
"204";"LAIT DE VACHE UHT DEMI ECREME BOUTEILLE (1L) NATUR'AVENIR";"Epicerie sec";"N/A";"1.28000";"Relais Vert";"";"1.76000";"0.05500";"3520836330029";"";"1.49000";"";"";"";"0";"0";"1";"0";"";"";"Epicerie sec";"1000.00";"LAIT DE VACHE UHT DEMI ECREME"
"206";"TOFU LACTOFERMENTE MARINE AU TAMARI (2X100G) SOJAMI";"Epicerie frais";"N/A";"3.10000";"Relais Vert";"";"4.25000";"0.05500";"3576566002002";"";"3.60000";"";"";"";"0";"0";"1";"0";"";"";"Epicerie frais";"200.00";"TOFU LACTO TAMARI"
"207";"MOZZARELLA DE BUFFLONNE DOP (125G) OMA";"Epicerie frais";"N/A";"2.13000";"Relais Vert";"";"2.92000";"0.05500";"4026913152854";"";"2.47000";"";"";"";"0";"0";"1";"0";"";"";"Epicerie frais";"125.00";"MOZZARELLA BUFFLONNE"
"219";"MOUTARDE MIAM";"Epicerie sec";"N/A";"3.00000";"Miam";"";"4.00000";"0.05500";"2430000002199";"";"4.00000";"";"Montbel";"";"0";"0";"1";"0";"";"";"Epicerie sec";"200.00";"MOUTARDE"
"220";"MOUTARDE AU MIEL MIAM";"Epicerie sec";"N/A";"3.50000";"Miam";"";"4.50000";"0.05500";"2430000002205";"";"4.50000";"";"Montbel";"";"0";"0";"1";"0";"";"";"Epicerie sec";"200.00";"MOUTARDE AU MIEL"
"221";"HOUMOUS MIAM";"Epicerie frais";"N/A";"4.00000";"Miam";"";"4.00000";"0.05500";"2430000002212";"";"4.00000";"";"Montbel";"";"0";"0";"1";"0";"";"";"Epicerie frais";"200.00";"HOUMOUS"
"222";"GARLIC BOMB MIAM";"Epicerie frais";"N/A";"5.00000";"Miam";"";"5.00000";"0.05500";"2430000002229";"";"0.00000";"";"Montbel";"";"0";"0";"1";"0";"";"";"Epicerie frais";"200.00";"GARLIC BOMB"
"228";"SEL FIN DE CAMARGUE";"VRAC";"N/A";"0.73000";"Keramis";"";"0.00100";"0.05500";"2430000002281";"";"0.00085";"";"France";"";"0";"0";"1";"0";"";"";"VRAC";"0.00";"SEL FIN DE CAMARGUE"
"229";"FARINE DE RIZ";"VRAC";"N/A";"0.00164";"Keramis";"";"0.00225";"0.05500";"2430000002298";"";"0.00190";"";"";"";"0";"0";"1";"0";"";"";"VRAC";"0.00";"FARINE DE RIZ"
"230";"GROS SEL DE CAMARGUE ";"VRAC";"N/A";"0.00072";"Keramis";"";"0.00099";"0.05500";"2430000002304";"";"0.00084";"";"";"";"0";"0";"1";"0";"";"";"VRAC";"0.00";"GROS SEL DE CAMARGUE "
"231";"LEVURE MALTÉE UE";"VRAC";"N/A";"0.02080";"Keramis";"";"0.02852";"0.05500";"2430000002311";"";"0.02413";"";"UE";"";"0";"0";"1";"0";"";"";"VRAC";"0.00";"LEVURE MALTÉE"
"234";"SARRASIN DECORTIQUE FRANCE VRAC";"VRAC";"N/A";"0.00651";"Keramis";"";"0.00893";"0.05500";"2430000002342";"";"0.00756";"";"France";"";"0";"0";"1";"0";"";"";"VRAC";"0.00";"SARRASIN DECORTIQUE"
"235";"SAVON DOUCEUR D’ADAM 100G";"Hygiene";"N/A";"3.50000";"L'instant savon";"";"4.80000";"0.20000";"2430000002359";"";"4.80000";"";"Lesparrou";"";"0";"0";"1";"0";"";"";"Hygiene";"100.00";"SAVON DOUCEUR D’ADAM"
"236";"SAVON PATCHOUCACAO 100G";"Hygiene";"N/A";"3.50000";"L'instant savon";"";"4.80000";"0.20000";"2430000002366";"";"4.80000";"";"Lesparrou";"";"0";"0";"1";"0";"";"";"Hygiene";"100.00";"SAVON PATCHOUCACAO"
"237";"SHAMPOOING SOLIDE 100G";"Hygiene";"N/A";"3.80000";"L'instant savon";"";"5.00000";"0.20000";"2430000002373";"";"5.00000";"";"Lesparrou";"";"0";"0";"1";"0";"";"";"Hygiene";"100.00";"SHAMPOOING SOLIDE"
"238";"SAVON LE BAROUDEUR 250G";"Hygiene";"N/A";"3.80000";"L'instant savon";"";"5.00000";"0.20000";"2430000002380";"";"5.00000";"";"Lesparrou";"";"0";"0";"1";"0";"";"";"Hygiene";"250.00";"SAVON LE BAROUDEUR"
"239";"DENTIFRICE SOLIDE";"Hygiene";"N/A";"2.00000";"L'instant savon";"";"3.50000";"0.20000";"2430000002397";"";"3.50000";"";"Lesparrou";"";"0";"0";"1";"0";"";"";"Hygiene";"0.00";"DENTIFRICE SOLIDE"
"240";"TISANE CHANVRE FRAMBOISIER CASSIS (15G)";"Epicerie sec";"N/A";"6.82000";"La foret enchanvree";"";"7.80000";"0.05500";"2430000002403";"";"7.80000";"";"Lesparrou";"";"0";"0";"1";"0";"";"";"Epicerie sec";"15.00";"TISANE CHANVRE FRAMB CASSIS"
"241";"TISANE CHANVRE SUREAU (15G)";"Epicerie sec";"N/A";"6.82000";"La foret enchanvree";"";"7.80000";"0.05500";"2430000002410";"";"7.80000";"";"Lesparrou";"";"0";"0";"1";"0";"";"";"Epicerie sec";"15.00";"TISANE CHANVRE SUREAU"
"242";"GRAINES DE CHANVRE CONCASSÉES (50G)";"Epicerie sec";"N/A";"3.03000";"La foret enchanvree";"";"3.50000";"0.05500";"2430000002427";"";"3.50000";"";"Lesparrou";"";"0";"0";"1";"0";"";"";"Epicerie sec";"50.00";"GRAINES DE CHANVRE CONCASSÉES"
"243";"CHOCOLAT CRU 70 \% AU CHANVRE (90G)";"Epicerie sec";"N/A";"5.88000";"La foret enchanvree";"";"6.50000";"0.05500";"2430000002434";"";"6.50000";"";"Lesparrou";"";"0";"0";"1";"0";"";"";"Epicerie sec";"90.00";"CHOCOLAT CRU 70% AU CHANVRE"
"244";"SPIRULINE (100G)";"Epicerie sec";"N/A";"17.21000";"Spiruline dynamisee";"";"19.00000";"0.05500";"2430000002441";"";"19.00000";"";"La Cassaigne";"";"0";"0";"1";"0";"";"";"Epicerie sec";"100.00";"SPIRULINE"
"251";"DÉLICE DE CASSIS (37,5 CL)";"Epicerie sec";"N/A";"5.30806";"Claude Fressonnet";"";"7.00000";"0.05500";"2430000002519";"";"7.00000";"";"Montbel";"";"0";"0";"1";"0";"";"";"Epicerie sec";"375.00";"DÉLICE DE CASSIS"
"252";"DÉLICE DE PRUNES AUX ÉPICES (37,5CL)";"Epicerie sec";"N/A";"4.54976";"Claude Fressonnet";"";"6.00000";"0.05500";"2430000002526";"";"6.00000";"";"Montbel";"";"0";"0";"1";"0";"";"";"Epicerie sec";"375.00";"DÉLICE DE PRUNES ÉPICES"
"253";"CONFITURE DE PRUNE-FRAMBOISE (230G)";"Epicerie sec";"N/A";"3.03318";"Claude Fressonnet";"";"4.00000";"0.05500";"2430000002533";"";"4.00000";"";"Montbel";"";"0";"0";"1";"0";"";"";"Epicerie sec";"230.00";"CONFITURE DE PRUNE-FRAMBOISE"
"255";"DÉLICE DE CHÂTAIGNE (365 GR)";"Epicerie sec";"N/A";"4.32227";"Claude Fressonnet";"";"5.70000";"0.05500";"2430000002557";"";"5.70000";"";"Montbel";"";"0";"0";"1";"0";"";"";"Epicerie sec";"365.00";"DÉLICE DE CHÂTAIGNE"
"256";"COMPOTE DE POMMES-PÊCHES (330 GR)";"Epicerie sec";"N/A";"2.80569";"Claude Fressonnet";"";"3.70000";"0.05500";"2430000002564";"";"3.70000";"";"Montbel";"";"0";"0";"1";"0";"";"";"Epicerie sec";"330.00";"COMPOTE DE POMMES-PÊCHES"
"257";"PÂTÉ VÉGÉTAL DE POTIMARRON (200 GR)";"Epicerie sec";"N/A";"3.56398";"Claude Fressonnet";"";"4.70000";"0.05500";"2430000002571";"";"4.70000";"";"Montbel";"";"0";"0";"1";"0";"";"";"Epicerie sec";"200.00";"PÂTÉ VÉGÉTAL DE POTIMARRON"
"258";"CONFITURE DE PRUNES REINE-CLAUDE (400 GR)";"Epicerie sec";"N/A";"3.56398";"Claude Fressonnet";"";"4.70000";"0.05500";"2430000002588";"";"4.70000";"";"Montbel";"";"0";"0";"1";"0";"";"";"Epicerie sec";"400.00";"CONFITURE REINE-CLAUDE"
"259";"SAUCISSON LE GOULET /KG";"Charcuterie";"N/A";"0.03800";"Le Goulet";"";"0.04300";"0.05500";"2430000002595";"";"0.04300";"";"Roquefeuil";"";"0";"0";"1";"0";"";"";"Charcuterie";"0.00";"SAUCISSON LE GOULET"
"260";"TISANE VOYAGE INTÉRIEUR (30G)";"Epicerie sec";"N/A";"4.00000";"Les herbes d’Aure";"";"6.00000";"0.05500";"2430000002601";"";"6.00000";"";"Cahuzac";"";"0";"0";"1";"0";"";"";"Epicerie sec";"30.00";"TISANE VOYAGE INTÉRIEUR"
"261";"TISANE RÊVES ÉTOILES (25G)";"Epicerie sec";"N/A";"4.00000";"Les herbes d’Aure";"";"6.00000";"0.05500";"2430000002618";"";"6.00000";"";"Cahuzac";"";"0";"0";"1";"0";"";"";"Epicerie sec";"25.00";"TISANE RÊVES ÉTOILES "
"262";"TISANE SPÉCIFIQUEMENT FÉMININE (25G)";"Epicerie sec";"N/A";"4.00000";"Les herbes d’Aure";"";"6.00000";"0.05500";"2430000002625";"";"6.00000";"";"Cahuzac";"";"0";"0";"1";"0";"";"";"Epicerie sec";"25.00";"TISANE FÉMININE"
"266";"CONFITURE DE CASSIS 200G";"Epicerie sec";"N/A";"3.60000";"Belladones";"";"4.00000";"0.05500";"2430000002663";"";"4.00000";"";"Montbel";"";"0";"0";"1";"0";"";"";"Epicerie sec";"200.00";"CONFITURE DE CASSIS"
"267";"CONFITURE DE CASSEILLES 200G";"Epicerie sec";"N/A";"3.60000";"Belladones";"";"4.00000";"0.05500";"2430000002670";"";"4.00000";"";"Montbel";"";"0";"0";"1";"0";"";"";"Epicerie sec";"200.00";"CONFITURE DE CASSEILLES"
"268";"GELÉE DE GROSEILLES 200G";"Epicerie sec";"N/A";"3.60000";"Belladones";"";"4.00000";"0.05500";"2430000002687";"";"4.00000";"";"Montbel";"";"0";"0";"1";"0";"";"";"Epicerie sec";"200.00";"GELÉE DE GROSEILLES"
"269";"SIROP DE FLEURS DE SUREAU 50CL";"Epicerie sec";"N/A";"6.30000";"Belladones";"";"7.00000";"0.05500";"2430000002694";"";"7.00000";"";"Montbel";"";"0";"0";"1";"0";"";"";"Epicerie sec";"500.00";"SIROP DE FLEURS DE SUREAU"
"275";"BLETTES";"Fruits et legumes";"N/A";"0.00332";"La Peyrouse";"";"0.00385";"0.05500";"2430000002755";"";"0.00385";"";"Puivert";"";"0";"0";"1";"0";"";"";"Fruits et legumes";"0.00";""
"276";"KOMBUCHA VERVEINE MENTHE 75CL";"Epicerie frais";"N/A";"5.11848";"Les terres sauvages";"";"6.00000";"0.05500";"2430000002762";"";"6.00000";"";"Saint Julien de gras";"";"0";"0";"1";"0";"";"";"Epicerie frais";"750.00";"KOMBUCHA VERVEINE MENTHE"
"277";"KOMBUCHA CYNORRHODONS 75CL";"Epicerie frais";"N/A";"5.11848";"Les terres sauvages";"";"6.00000";"0.05500";"2430000002779";"";"6.00000";"";"Saint Julien de gras";"";"0";"0";"1";"0";"";"";"Epicerie frais";"750.00";"KOMBUCHA CYNORRHODONS"
"278";"BAUME PLANTAIN 20G";"Hygiene";"N/A";"7.25118";"Les terres sauvages";"";"6.00000";"0.20000";"2430000002786";"";"0.00000";"";"Saint Julien de gras";"";"0";"0";"1";"0";"";"";"Hygiene";"20.00";"BAUME PLANTAIN"
"279";"BAUME CONSOUDE 20G";"Hygiene";"N/A";"7.25118";"Les terres sauvages";"";"6.00000";"0.20000";"2430000002793";"";"0.00000";"";"Saint Julien de gras";"";"0";"0";"1";"0";"";"";"Hygiene";"20.00";"BAUME CONSOUDE"
"292";"MIEL MULTIFLORAL 500G";"Epicerie sec";"N/A";"8.53081";"Abelhas Canteradas";"";"10.00000";"0.05500";"2430000002922";"";"10.00000";"";"Montbel";"";"0";"0";"1";"0";"";"";"Epicerie sec";"500.00";"MIEL MULTIFLORAL"
"293";"CARDAMOME POUDRE";"VRAC";"N/A";"0.03402";"Keramis";"";"0.04670";"0.05500";"2430000002939";"";"0.03948";"";"";"";"0";"0";"1";"0";"";"";"VRAC";"0.00";"CARDAMONE POUDRE"
"295";"CIABATTA";"Pain & Viennoiseries";"N/A";"0.90000";"Miam";"";"1.00000";"0.05500";"2430000002953";"";"1.00000";"";"Montbel";"";"0";"0";"1";"0";"";"";"Pain & Viennoiseries";"0.00";""
"296";"KÉFIR DE GROSEILLE";"Epicerie frais";"N/A";"2.50000";"Belladones";"";"3.00000";"0.05500";"2430000002960";"";"3.00000";"";"";"";"0";"0";"1";"0";"";"";"Epicerie frais";"330.00";"KÉFIR DE GROSEILLE"
"297";"JUS DE POMMES 1L";"Epicerie sec";"N/A";"3.05000";"Coume de Fa ( Caroline )";"";"3.65000";"0.05500";"2430000002977";"";"0.00000";"";"";"";"0";"0";"1";"0";"";"";"Epicerie sec";"1000.00";"JUS DE POMMES"
"299";"HUILE D'OLIVE 75 CL LUCE";"Epicerie sec";"N/A";"9.31000";"Relais Vert";"";"12.77000";"0.05500";"3329480001640";"";"10.81000";"";"";"";"0";"0";"1";"0";"";"";"Epicerie sec";"750.00";"HUILE D'OLIVE 75 CL LUCE"
"301";"PORTE SAVON";"Artisanat";"N/A";"12.67000";"Parole de terre";"";"19.00000";"0.20000";"2430000003011";"";"0.00000";"";"";"";"0";"0";"1";"0";"";"";"Artisanat";"0.00";"PORTE SAVON"
"302";"PAIN BLÉS ANCIENS ET GRAINES DEMI";"Pain & Viennoiseries";"N/A";"0.00000";"Miam";"";"3.50000";"0.05500";"2430000003028";"";"0.00000";"";"Montbel";"";"0";"0";"1";"0";"";"";"Pain & Viennoiseries";"0.00";""
"304";"PETITS CADRES";"Artisanat";"N/A";"0.00000";"Seesing Feng Shui";"";"10.00000";"0.20000";"2430000003042";"";"0.00000";"";"Montbel";"";"0";"0";"1";"0";"";"";"Artisanat";"0.00";"PETITS CADRES"
"305";"CADRES A4";"Artisanat";"N/A";"0.00000";"Seesing Feng Shui";"";"20.00000";"0.20000";"2430000003059";"";"0.00000";"";"Montbel";"";"0";"0";"1";"0";"";"";"Artisanat";"0.00";"CADRES A4"
"306";"PEINTURE";"Artisanat";"N/A";"0.00000";"Seesing Feng Shui";"";"30.00000";"0.20000";"2430000003066";"";"0.00000";"";"Montbel";"";"0";"0";"1";"0";"";"";"Artisanat";"0.00";"PEINTURE"
"307";"ART EN BOIS LONG";"Artisanat";"N/A";"0.00000";"Seesing Feng Shui";"";"30.00000";"0.20000";"2430000003073";"";"0.00000";"";"Montbel";"";"0";"0";"1";"0";"";"";"Artisanat";"0.00";"ART EN BOIS LONG"
"308";"ART EN BOIS CRISTAL";"Artisanat";"N/A";"0.00000";"Seesing Feng Shui";"";"25.00000";"0.20000";"2430000003080";"";"0.00000";"";"Montbel";"";"0";"0";"1";"0";"";"";"Artisanat";"0.00";"ART EN BOIS CRISTAL"
"309";"CARTES POSTALE";"Artisanat";"N/A";"0.00000";"Seesing Feng Shui";"";"2.00000";"0.20000";"2430000003097";"";"0.00000";"";"";"";"0";"0";"1";"0";"";"";"Artisanat";"0.00";"CARTES POSTALE"
"311";"PAIN BLÉS ANCIENS 800G";"Pain & Viennoiseries";"N/A";"4.50000";"Miam";"";"5.00000";"0.05500";"2430000003110";"";"0.00000";"";"";"";"0";"0";"1";"0";"";"";"Pain & Viennoiseries";"0.00";""
"312";"PAIN BLÉS ANCIENS & GRAINES 800G";"Pain & Viennoiseries";"N/A";"6.32000";"Miam";"";"7.00000";"0.05500";"2430000003127";"";"0.00000";"";"";"";"0";"0";"1";"0";"";"";"Pain & Viennoiseries";"0.00";""
"313";"PAIN SEIGLE 800G";"Pain & Viennoiseries";"N/A";"4.50000";"Miam";"";"5.00000";"0.05500";"2430000003134";"";"0.00000";"";"";"";"0";"0";"1";"0";"";"";"Pain & Viennoiseries";"0.00";""
"314";"JEUNES OIGNONS (BOTTE)";"Fruits et legumes";"N/A";"1.90000";"La Peyrouse";"";"2.60000";"0.05500";"2430000003141";"";"0.00000";"";"";"";"0";"0";"1";"0";"";"";"Fruits et legumes";"0.00";""
"316";"PATATES";"Fruits et legumes";"N/A";"0.00300";"Le Goulet";"";"0.00380";"0.05500";"2430000003165";"";"0.00380";"";"";"";"0";"0";"1";"0";"";"";"Fruits et legumes";"0.00";""
"317";"NAVETS";"Fruits et legumes";"N/A";"0.00227";"La Peyrouse";"";"0.00264";"0.05500";"2430000003172";"";"0.00000";"";"";"";"0";"0";"1";"0";"";"";"Fruits et legumes";"0.00";""
"318";"MÂCHE ";"Fruits et legumes";"N/A";"0.00948";"La Peyrouse";"";"0.01100";"0.05500";"2430000003189";"";"0.00000";"";"";"";"0";"0";"1";"0";"";"";"Fruits et legumes";"0.00";""
"321";"SHIITAKE MYCIDOUC";"Fruits et legumes";"N/A";"0.01524";"Mycidouc";"";"0.01600";"0.05500";"2430000003219";"";"0.00000";"";"";"";"0";"0";"1";"0";"";"";"Fruits et legumes";"0.00";""
"322";"PLEUROTES MYCIDOUC ";"Fruits et legumes";"N/A";"0.01238";"Mycidouc";"";"0.01300";"0.05500";"2430000003226";"";"0.00000";"";"";"";"0";"0";"1";"0";"";"";"Fruits et legumes";"0.00";""
"323";"POMMES";"Fruits et legumes";"N/A";"0.00164";"La Galante (pommes)";"";"0.00215";"0.05500";"2430000003233";"";"0.00000";"";"";"";"0";"0";"1";"0";"";"";"Fruits et legumes";"0.00";""
"324";"BANANE REP DOM EQUITABLE CAT II";"Fruits et legumes";"N/A";"0.00163";"Relais Vert";"";"0.00224";"0.05500";"2430000003240";"";"0.00189";"";"";"";"0";"0";"1";"0";"";"";"Fruits et legumes";"0.00";""
"325";"AVOCAT HASS PLATEAU CAT II";"Fruits et legumes";"N/A";"0.00525";"Relais Vert";"";"0.00683";"0.05500";"2430000003257";"";"0.06064";"";"";"";"0";"0";"1";"0";"";"";"Fruits et legumes";"0.00";""
"326";"POIRE WILLIAM VERTE";"Fruits et legumes";"N/A";"0.00249";"Relais Vert";"";"0.00342";"0.05500";"2430000003264";"";"0.00289";"";"";"";"0";"0";"1";"0";"";"";"Fruits et legumes";"0.00";""
"327";"CITRON ITALIE CAT II";"Fruits et legumes";"N/A";"0.00370";"Relais Vert";"";"0.00438";"0.05500";"2430000003271";"";"0.00370";"";"";"";"0";"0";"1";"0";"";"";"Fruits et legumes";"0.00";""
"328";"SALADE BATAVIA BLONDE X12 CAT II";"Fruits et legumes";"N/A";"1.11000";"La Peyrouse";"";"1.53000";"0.05500";"2430000003288";"";"1.29000";"";"";"";"0";"0";"1";"0";"";"";"Fruits et legumes";"0.00";""
"332";"BROCOLI 6KG CAT II";"Fruits et legumes";"N/A";"0.00425";"Relais Vert";"";"0.00480";"0.05500";"2430000003325";"";"0.00406";"";"";"";"0";"0";"1";"0";"";"";"Fruits et legumes";"0.00";""
"334";"AIL FRAIS";"Fruits et legumes";"N/A";"0.00875";"Relais Vert";"";"0.01200";"0.05500";"2430000003349";"";"0.01020";"";"";"";"0";"0";"1";"0";"";"";"Fruits et legumes";"0.00";""
"335";"PAIN PETIT ÉPEAUTRE 800G";"Pain & Viennoiseries";"N/A";"6.32000";"Miam";"";"7.00000";"0.05500";"2430000003356";"";"0.00000";"";"";"";"0";"0";"1";"0";"";"";"Pain & Viennoiseries";"0.00";""
"336";"FOCACCIA";"Pain & Viennoiseries";"N/A";"1.80000";"Miam";"";"2.00000";"0.05500";"2430000003363";"";"0.00000";"";"";"";"0";"0";"1";"0";"";"";"Pain & Viennoiseries";"0.00";""
"337";"PAIN CAMPAGNE 400G";"Pain & Viennoiseries";"N/A";"2.70000";"Miam";"";"3.00000";"0.05500";"2430000003370";"";"0.00000";"";"";"";"0";"0";"1";"0";"";"";"Pain & Viennoiseries";"0.00";""
"338";"CAFE GRAIN 100\% ARABICA DOUX (250G) BIODYSSEE";"Epicerie sec";"N/A";"3.59000";"Relais Vert";"";"4.92369";"0.05500";"3770015013117";"";"4.16620";"";"";"";"0";"0";"1";"0";"";"";"Epicerie sec";"250.00";"CAFE GRAIN 100% DOUX"
"339";"CAFE MOULU 100% ARABICA MEDIUM (500G) BIODYSSEE";"Epicerie sec";"N/A";"9.16000";"Relais Vert";"";"12.56000";"0.05500";"3770015013131";"";"10.63000";"";"";"";"0";"0";"1";"0";"";"";"Epicerie sec";"500.00";"CAFE MOULU 100% MEDIUM"
"341";"CAFE SOLUBLE PUR ARABICA (100G) TERRA ETICA";"Epicerie sec";"N/A";"7.19000";"Relais Vert";"";"9.86109";"0.05500";"3483981001902";"";"8.34400";"";"";"";"0";"0";"1";"0";"";"";"Epicerie sec";"100.00";"CAFE SOLUBLE PUR"
"342";"SARDINES MARINEES AU CITRON (135G) PHARE D'ECKMUHL";"Epicerie sec";"N/A";"3.11000";"Relais Vert";"";"4.26537";"0.05500";"3263670007985";"";"3.60916";"";"";"";"0";"0";"1";"0";"";"";"Epicerie sec";"135.00";"SARDINES MARINEES AU CITRON"
"343";"MADELEINES AMANDE (180G) CELIANE";"Epicerie sec";"N/A";"3.53000";"Relais Vert";"";"4.84140";"0.05500";"3700566453063";"";"4.09657";"";"";"";"0";"0";"1";"0";"";"";"Epicerie sec";"180.00";"MADELEINES AMANDE"
"344";"FUSILLIS 100\% SARRASIN (250G) LAZZARETTI";"Epicerie sec";"N/A";"2.58000";"Relais Vert";"";"3.53847";"0.05500";"3267460020703";"";"2.99409";"";"";"";"0";"0";"1";"0";"";"";"Epicerie sec";"250.00";"FUSILLIS 100% SARRASIN"
"345";"EPEAUTRE DU NORD DECORTIQUE ITALIE (500G) MARKAL";"Epicerie sec";"N/A";"1.79000";"Relais Vert";"";"2.45499";"0.05500";"3329482311204";"";"2.07730";"";"";"";"0";"0";"1";"0";"";"";"Epicerie sec";"500.00";"EPEAUTRE DU NORD DECORTIQUE"
"346";"DENTIFRICE BLANCHEUR MENTHE ";"Hygiene";"N/A";"2.36000";"Relais Vert";"";"3.24000";"0.20000";"3700376703013";"";"2.74000";"";"";"";"0";"0";"1";"0";"";"";"Hygiene";"0.00";"DENTIFRICE BLANCHEUR MENTHE "
"347";"HARICOTS BLANCS (400G - PNE 240G) BIO POUR TOUS";"Epicerie sec";"N/A";"0.94000";"Relais Vert";"";"1.28921";"0.05500";"3760295171539";"";"1.09087";"";"";"";"0";"0";"1";"0";"";"";"Epicerie sec";"400.00";"HARICOTS BLANCS"
"349";"GEL ALOE VERA (250ML) ECOLOE";"Hygiene";"N/A";"5.12000";"Relais Vert";"";"7.03000";"0.20000";"3464660006043";"";"5.94000";"";"";"";"0";"0";"1";"0";"";"";"Hygiene";"250.00";"GEL ALOE VERA"
"350";"TABLETTE CHOCOLAT NOIR 100\% SANS SUCRE PEROU (80G) SAVEURS ET NATURE";"Epicerie sec";"N/A";"3.29000";"Relais Vert";"";"4.51224";"0.05500";"3760077182258";"";"3.81805";"";"";"";"0";"0";"1";"0";"";"";"Epicerie sec";"80.00";"CHOCOLAT NOIR 100% SANS SUCRE"
"351";"LAIT DE VACHE ENTIER STERILISE BOUTEILLE REEMPLOYABLE (1L) NATUR'AVENIR";"Epicerie sec";"N/A";"2.21000";"Relais Vert";"";"3.02855";"0.05500";"3520836140246";"";"2.56262";"";"";"";"0";"0";"1";"0";"";"";"Epicerie sec";"1000.00";"LAIT DE VACHE ENTIER STERILISE"
"352";"PAPIER TOILETTE 3 PLIS 4 ROULEAUX =12 ROULEAUX (X4) GRAZIE";"Hygiene";"N/A";"2.90000";"Relais Vert";"";"4.52400";"0.20000";"8005892346191";"";"3.82800";"";"";"";"0";"0";"1";"0";"";"";"Hygiene";"0.00";"PAPIER TOILETTE 4 ROULEAUX"
"353";"LESSIVE LIQUIDE FRAICHEUR (3L) BULLE VERTE";"Hygiene";"N/A";"10.67000";"Relais Vert";"";"14.63000";"0.20000";"3700147205333";"";"12.38000";"";"";"";"0";"0";"1";"0";"";"";"Hygiene";"0.00";"LESSIVE LIQUIDE FRAICHEUR"
"354";"SAUCE TOMATE PROVENCALE (340G) CHAMPLAT";"Epicerie sec";"N/A";"2.64000";"Relais Vert";"";"3.62076";"0.05500";"3493831020342";"";"3.06372";"";"";"";"0";"0";"1";"0";"";"";"Epicerie sec";"340.00";"SAUCE TOMATE PROVENCALE"
"355";"YAOURT DE CHEVRE ENTIER NATURE (4X125G) GABORIT";"Epicerie frais";"N/A";"3.12000";"Relais Vert";"";"4.27908";"0.05500";"3438860001863";"";"3.62076";"";"";"";"0";"0";"1";"0";"";"";"Epicerie frais";"500.00";"YAOURT DE CHEVRE NATURE"
"356";"AVOCAT HASS PETITS";"Fruits et legumes";"N/A";"0.00469";"Relais Vert";"";"0.00643";"0.05500";"2430000003561";"";"0.00544";"";"";"";"0";"0";"1";"0";"";"";"Fruits et legumes";"0.00";""
"359";"POIREAU CAT II";"Fruits et legumes";"N/A";"0.00290";"Relais Vert";"";"0.00377";"0.05500";"2430000003592";"";"0.00319";"";"";"";"0";"0";"1";"0";"";"";"Fruits et legumes";"0.00";""
"361";"GINGEMBRE / PEROU CAT II";"Fruits et legumes";"N/A";"0.00629";"Relais Vert";"";"0.00863";"0.05500";"2430000003615";"";"0.00730";"";"";"";"0";"0";"1";"0";"";"";"Fruits et legumes";"0.00";""
"363";"CAFE MOULU 100% ARABICA DOUX (250G) BIODYSSEE";"Epicerie sec";"N/A";"5.00000";"Relais Vert";"";"6.85000";"0.05500";"3770015013087";"";"5.80000";"";"";"";"0";"0";"1";"0";"";"";"Epicerie sec";"250.00";"CAFE MOULU 100%  DOUX"
"365";"BLETTES";"Fruits et legumes";"N/A";"0.00364";"Inconnu";"";"0.00420";"0.05500";"2430000003653";"";"0.00000";"";"";"";"0";"0";"1";"0";"";"";"Fruits et legumes";"0.00";""
"366";"PERSIL";"Fruits et legumes";"N/A";"1.00000";"La Peyrouse";"";"1.20000";"0.05500";"2430000003660";"";"0.00000";"";"";"";"0";"0";"1";"0";"";"";"Fruits et legumes";"0.00";""
"368";"PAIN BLÉS ANCIENS DEMI";"Pain & Viennoiseries";"N/A";"2.17000";"Miam";"";"2.50000";"0.05500";"2430000003684";"";"0.00000";"";"Montbel";"";"0";"0";"1";"0";"";"";"Pain & Viennoiseries";"0.00";""
"369";"PAIN PETIT ÉPEAUTRE DEMI";"Pain & Viennoiseries";"N/A";"3.04000";"Miam";"";"3.50000";"0.05500";"2430000003691";"";"0.00000";"";"Montbel";"";"0";"0";"1";"0";"";"";"Pain & Viennoiseries";"0.00";""
"370";"PAIN SEIGLE DEMI";"Pain & Viennoiseries";"N/A";"2.17000";"Miam";"";"2.50000";"0.05500";"2430000003707";"";"0.00000";"";"Montbel";"";"0";"0";"1";"0";"";"";"Pain & Viennoiseries";"0.00";""
"371";"ORANGES BIOESPUNIA";"Fruits et legumes";"N/A";"0.00240";"Bioespunia";"";"0.00303";"0.05500";"2430000003714";"";"0.00000";"";"";"";"0";"0";"1";"0";"";"";"Fruits et legumes";"0.00";""
"372";"HUILE OLIVE BIOESPUNA 5L";"Epicerie sec";"N/A";"55.80000";"Inconnu";"bioespuna";"70.64000";"0.05500";"2430000003721";"";"0.00000";"";"";"";"0";"0";"1";"0";"";"";"Epicerie sec";"5000.00";"HUILE OLIVE BIOESPUNA"
"373";"PAMPLEMOUSSE BIOESPUNA";"Fruits et legumes";"N/A";"0.00240";"Bioespunia";"bioespuna";"0.00303";"0.05500";"2430000003738";"";"0.00000";"";"";"";"0";"0";"1";"0";"";"";"Fruits et legumes";"0.00";""
"374";"LIVRE MES MATINÉES AYURVÉDIQUES";"Artisanat";"N/A";"19.20000";"Inconnu";"";"24.00000";"0.00000";"2430000003745";"";"0.00000";"";"Chalabre";"";"0";"0";"1";"0";"";"";"Artisanat";"0.00";"MES MATINÉES AYURVÉDIQUES"
"376";"MACÉRAT HUILEUX CHANVRE 30ML";"Hygiene";"N/A";"24.64000";"La foret enchanvree";"";"27.00000";"0.05500";"2430000003769";"";"0.00000";"";"Lesparou";"";"0";"0";"1";"0";"";"";"Hygiene";"30.00";"MACÉRAT HUILEUX CHANVRE"
"382";"TABLETTE CHOCOLAT NOIR 99 % DE PANAMA (80G) VIVANI";"Epicerie sec";"N/A";"2.57000";"Relais Vert";"";"3.48235";"0.05500";"4044889002904";"";"2.96835";"";"";"";"0";"0";"1";"0";"";"";"Epicerie sec";"80.00";"CHOCOLAT NOIR 99 %"
"384";"TABLETTE CHOCOLAT NOIR 74% FLEUR DE SEL (100G) BELLEDONNE";"Epicerie sec";"N/A";"3.08000";"Relais Vert";"";"4.17340";"0.05500";"3700531202818";"";"3.55740";"";"";"";"0";"0";"1";"0";"";"";"Epicerie sec";"100.00";"CHOCOLAT NOIR 74% FLEUR DE SEL"
"385";"FETA GRECO PDO 100% BREBIS (180G) OMA";"Epicerie frais";"N/A";"3.06000";"Relais Vert";"";"4.14630";"0.05500";"4026913162297";"";"3.53430";"";"";"";"0";"0";"1";"0";"";"";"Epicerie frais";"180.00";"FETA GRECO 100% BREBIS"
"386";"VANILLE GOUSSE POUDRE (10G) COOK ARCADIE";"Epicerie sec";"N/A";"8.47000";"Relais Vert";"";"11.47685";"0.05500";"3417960037088";"";"9.78285";"";"";"";"0";"0";"1";"0";"";"";"Epicerie sec";"10.00";"VANILLE GOUSSE POUDRE"
"387";"COEURS DE PALMIER (400G - PNE 220G) WAINI RIVER";"Epicerie sec";"N/A";"3.41000";"Relais Vert";"";"4.62055";"0.05500";"9501006000021";"";"3.93855";"";"";"";"0";"0";"1";"0";"";"";"Epicerie sec";"400.00";"COEURS DE PALMIER"
"388";"SAUCE SOJA VERITABLE TAMARI BOUTEILLE REEMPLOYABLE (1L) AUTOUR DU RIZ";"Epicerie sec";"N/A";"9.67000";"Relais Vert";"";"13.10285";"0.05500";"3760275575630";"";"11.16885";"";"";"";"0";"0";"1";"0";"";"";"Epicerie sec";"1000.00";"SAUCE SOJA TAMARI"
"389";"PUREE DE SESAME TAHIN (750G) DAMIANO";"Epicerie sec";"N/A";"10.37000";"Relais Vert";"";"14.05135";"0.05500";"8002352406648";"";"11.97735";"";"";"";"0";"0";"1";"0";"";"";"Epicerie sec";"750.00";"PUREE DE SESAME TAHIN"
"390";"DESSERT SOJA CHOCOLAT EQUITABLE UHT (530G) SOJADE";"Epicerie sec";"N/A";"2.08000";"Relais Vert";"";"2.81840";"0.05500";"3273220187340";"";"2.40240";"";"";"";"0";"0";"1";"0";"";"";"Epicerie sec";"530.00";"DESSERT SOJA CHOCOLAT"
"391";"SOJA NATURE (400G) SOJADE";"Epicerie frais";"N/A";"1.59000";"Relais Vert";"";"2.18000";"0.05500";"3273220181027";"";"1.84000";"";"";"";"0";"0";"1";"0";"";"";"Epicerie frais";"400.00";"SOJA NATURE"
"394";"SUCRE DE BETTERAVE";"VRAC";"N/A";"2.08000";"Keramis";"";"0.00285";"0.05500";"2430000003943";"";"0.00241";"";"";"";"0";"0";"1";"0";"";"";"VRAC";"0.00";"SUCRE DE BETTERAVE"
"396";"AMANDES";"VRAC";"N/A";"8.29000";"Keramis";"";"0.01137";"0.05500";"2430000003967";"";"0.00962";"";"";"";"0";"0";"1";"0";"";"";"VRAC";"0.00";"AMANDES"
"397";"POLENTA MAIS";"VRAC";"N/A";"1.44000";"Keramis";"";"0.00197";"0.05500";"2430000003974";"";"0.00167";"";"";"";"0";"0";"1";"0";"";"";"VRAC";"0.00";"POLENTA MAIS"
"398";"SUCRE DE CANNE EXTRA CLAIR BIO ";"VRAC";"N/A";"1.69000";"Keramis";"";"0.00232";"0.05500";"2430000003981";"";"0.00196";"";"";"";"0";"0";"1";"0";"";"";"VRAC";"0.00";"SUCRE DE CANNE EXTRA CLAIR BIO "
"399";"GRAINES DE COURGE";"VRAC";"N/A";"7.95000";"Keramis";"";"0.01090";"0.05500";"2430000003998";"";"0.00923";"";"";"";"0";"0";"1";"0";"";"";"VRAC";"0.00";"GRAINES DE COURGE"
"400";"RIZ BASMATI BLANC";"VRAC";"N/A";"0.00326";"Keramis";"";"0.00378";"0.05500";"2430000004001";"";"0.00447";"";"";"";"0";"0";"1";"0";"";"";"VRAC";"0.00";"RIZ BASMATI BLANC"
"401";"COUSCOUS";"VRAC";"N/A";"1.88000";"Keramis";"";"0.00258";"0.05500";"2430000004018";"";"0.00218";"";"";"";"0";"0";"1";"0";"";"";"VRAC";"0.00";"COUSCOUS"
"404";"NOISETTES TOASTEES PELEES";"VRAC";"N/A";"0.01589";"Keramis";"";"0.02190";"0.05500";"2430000004049";"";"0.01844";"";"";"";"0";"0";"1";"0";"";"";"VRAC";"0.00";"NOISETTES TOASTEES PELEES"
"405";"DATTES";"VRAC";"N/A";"4.61000";"Keramis";"";"0.00632";"0.05500";"2430000004056";"";"0.00535";"";"";"";"0";"0";"1";"0";"";"";"VRAC";"0.00";"DATTES"
"406";"RIZ LONG BLANC CAMARGUE";"VRAC";"N/A";"3.51000";"Keramis";"";"0.00481";"0.05500";"2430000004063";"";"0.00407";"";"";"";"0";"0";"1";"0";"";"";"VRAC";"0.00";"RIZ LONG BLANC CAMARGUE"
"407";"RIZ LONG DEMI COMPLET CAMARGUE";"VRAC";"N/A";"2.96000";"Keramis";"";"0.00406";"0.05500";"2430000004070";"";"0.00344";"";"";"";"0";"0";"1";"0";"";"";"VRAC";"0.00";"RIZ LONG DEMI COMPLET CAMARGUE"
"408";"CHOCOLAT AU LAIT 39 \%";"VRAC";"N/A";"14.31000";"Keramis";"";"0.01963";"0.05500";"2430000004087";"";"0.01661";"";"";"";"0";"0";"1";"0";"";"";"VRAC";"0.00";"CHOCOLAT AU LAIT 39%"
"409";"CHOCOLAT NOIR PALETS 70% ";"VRAC";"N/A";"17.86000";"Keramis";"";"0.02449";"0.05500";"2430000004094";"";"0.02072";"";"";"";"0";"0";"1";"0";"";"";"VRAC";"0.00";"CHOCOLAT NOIR PALETS 70%"
"410";"PATES COQUILLETTE";"VRAC";"N/A";"2.10000";"Keramis";"";"0.00288";"0.05500";"2430000004100";"";"0.00244";"";"";"";"0";"0";"1";"0";"";"";"VRAC";"0.00";"PATES COQUILLETTE"
"411";"PATES FARFALLE";"VRAC";"N/A";"2.39000";"Keramis";"";"0.00328";"0.05500";"2430000004117";"";"0.00277";"";"";"";"0";"0";"1";"0";"";"";"VRAC";"0.00";"PATES FARFALLE"
"412";"PATES SPIRALES";"VRAC";"N/A";"2.10000";"Keramis";"";"0.00288";"0.05500";"2430000004124";"";"0.00244";"";"";"";"0";"0";"1";"0";"";"";"VRAC";"0.00";"PATES SPIRALES"
"413";"PATES PENNE";"VRAC";"N/A";"2.10000";"Keramis";"";"0.00288";"0.05500";"2430000004131";"";"0.00244";"";"";"";"0";"0";"1";"0";"";"";"VRAC";"0.00";"PATES PENNE"
"414";"NOIX DE COCO RAPEE";"VRAC";"N/A";"6.66000";"Keramis";"";"0.00913";"0.05500";"2430000004148";"";"0.00773";"";"";"";"0";"0";"1";"0";"";"";"VRAC";"0.00";"NOIX DE COCO RAPEE"
"415";"RISOTTO ARBORIO";"VRAC";"N/A";"4.62000";"Keramis";"";"0.00634";"0.05500";"2430000004155";"";"0.00536";"";"";"";"0";"0";"1";"0";"";"";"VRAC";"0.00";"RISOTTO ARBORIO"
"418";"CERNEAUX DE NOIX FRANCE";"VRAC";"N/A";"16.17000";"Keramis";"";"0.02218";"0.05500";"2430000004186";"";"0.01877";"";"";"";"0";"0";"1";"0";"";"";"VRAC";"0.00";"CERNEAUX DE NOIX FRANCE"
"419";"RAPADURA COSTA RICA ";"VRAC";"N/A";"2.39000";"Keramis";"";"0.00328";"0.05500";"2430000004193";"";"0.00277";"";"";"";"0";"0";"1";"0";"";"";"VRAC";"0.00";"RAPADURA COSTA RICA "
"421";"SARRASIN DECORTIQUE 500G MARKAL";"Epicerie sec";"N/A";"2.91000";"Relais Vert";"";"3.99000";"0.05500";"3329482511208";"";"3.38000";"";"";"";"0";"0";"1";"0";"";"";"Epicerie sec";"500.00";"SARRASIN DECORTIQUE"
"424";"MIEL DE PRINTEMPS 500G";"Epicerie sec";"N/A";"7.50000";"l abeille vie";"";"9.50000";"0.05500";"2430000004247";"";"0.00000";"";"";"";"0";"0";"1";"0";"";"";"Epicerie sec";"500.00";"MIEL DE PRINTEMPS"
"425";"MIEL DE TILLEUL 500G";"Epicerie sec";"N/A";"7.50000";"l abeille vie";"";"9.50000";"0.05500";"2430000004254";"";"0.00000";"";"";"";"0";"0";"1";"0";"";"";"Epicerie sec";"500.00";"MIEL DE TILLEUL"
"426";"MIEL D ÉTÉ 500G";"Epicerie sec";"N/A";"7.50000";"l abeille vie";"";"9.50000";"0.05500";"2430000004261";"";"0.00000";"";"";"";"0";"0";"1";"0";"";"";"Epicerie sec";"500.00";"MIEL D ÉTÉ"
"427";"LAIT DE COCO 17%";"Epicerie sec";"N/A";"1.44000";"Relais Vert";"";"1.97000";"0.05500";"3760295170709";"";"1.67000";"";"";"";"0";"0";"1";"0";"";"";"Epicerie sec";"0.00";"LAIT DE COCO 17%"
"428";"DUO MIX MOZZARELLA EMMENTAL VALMARTIN";"Epicerie frais";"N/A";"2.27000";"Relais Vert";"";"3.11000";"0.05500";"3262470053345";"";"2.63000";"";"";"";"0";"0";"1";"0";"";"";"Epicerie frais";"0.00";"DUO MIX MOZZARELLA EMMENTAL"
"429";"LASAGNE DE SEMOULE DE BLÉ DUR";"Epicerie sec";"N/A";"1.38000";"Relais Vert";"";"1.89000";"0.05500";"8009004812628";"";"1.60000";"";"";"";"0";"0";"1";"0";"";"";"Epicerie sec";"0.00";"LASAGNE DE SEMOULE DE BLÉ DUR"
"430";"CURRY (100G)";"Epicerie sec";"N/A";"3.68000";"Relais Vert";"";"5.05000";"0.05500";"3417960044963";"";"4.27000";"";"";"";"0";"0";"1";"0";"";"";"Epicerie sec";"100.00";"CURRY"
"431";"HUILE D´OLIVE VIERGE EXTRA PHILIA";"Epicerie sec";"N/A";"7.83000";"Relais Vert";"";"10.18000";"0.05500";"3520836120354";"";"8.61000";"";"";"";"0";"0";"1";"0";"";"";"Epicerie sec";"0.00";"HUILE D´OLIVE VIERGE EXTRA"
"433";"YAOURT DE VACHE ENTIER NATURE (500G) GABORIT";"Epicerie frais";"N/A";"1.86000";"Relais Vert";"";"2.55000";"0.05500";"3438860001658";"";"2.16000";"";"";"";"0";"0";"1";"0";"";"";"Epicerie frais";"500.00";"YAOURT VACHE NATURE"
"434";"ENDIVE";"Fruits et legumes";"N/A";"4.60000";"Relais Vert";"";"0.00631";"0.05500";"2430000004346";"";"0.00533";"";"";"";"0";"0";"1";"0";"";"";"Fruits et legumes";"0.00";""
"435";"FÈVES";"Fruits et legumes";"N/A";"0.00590";"La Peyrouse";"";"0.00500";"0.05500";"2430000004353";"";"0.00000";"";"";"";"0";"0";"1";"0";"";"";"Fruits et legumes";"0.00";""
"436";"CONCOMBRE";"Fruits et legumes";"N/A";"0.00350";"David Rivel Gaillardet";"";"0.00420";"0.05500";"2430000004360";"";"0.00000";"";"";"";"0";"0";"1";"0";"";"";"Fruits et legumes";"0.00";""
"437";"COURGETTES";"Fruits et legumes";"N/A";"0.00300";"David Rivel Gaillardet";"";"0.00360";"0.05500";"2430000004377";"";"0.00000";"";"";"";"0";"0";"1";"0";"";"";"Fruits et legumes";"0.00";""
"438";"CIBOULETTE";"Fruits et legumes";"N/A";"1.00000";"La Peyrouse";"";"1.30000";"0.05500";"2430000004384";"";"0.00000";"";"";"";"0";"0";"1";"0";"";"";"Fruits et legumes";"0.00";""
"439";"FRAISES";"Fruits et legumes";"N/A";"4.50000";"La Peyrouse";"";"5.00000";"0.05500";"2430000004391";"";"0.00000";"";"";"";"0";"0";"1";"0";"";"";"Fruits et legumes";"0.00";""
"441";"SORBET FRUITS ROUGES 500ML";"Epicerie frais";"N/A";"6.00000";"Belladones";"";"7.00000";"0.05500";"2430000004414";"";"0.00000";"";"";"";"0";"0";"1";"0";"";"";"Epicerie frais";"500.00";"SORBET FRUITS ROUGES"
"442";"SORBET CITRON ROMARIN 500ML";"Epicerie frais";"N/A";"6.00000";"Belladones";"";"7.00000";"0.05500";"2430000004421";"";"0.00000";"";"";"";"0";"0";"1";"0";"";"";"Epicerie frais";"500.00";"SORBET CITRON ROMARIN"
"444";"KOMBUCHA AU THE ET AUX FLEURS DE SUREAU";"Epicerie frais";"N/A";"5.11848";"Les terres sauvages";"";"6.00000";"0.05500";"2430000004445";"";"0.00000";"";"saint julien de gras";"";"0";"0";"1";"0";"";"";"Epicerie frais";"75.00";"KOMBUCHA THE SUREAU"
"445";"KOMBUCHA AU THE, A L,ORTIE ET MELISSE 75 CL";"Epicerie frais";"N/A";"5.11848";"Les terres sauvages";"";"6.00000";"0.05500";"2430000004452";"";"0.00000";"";"saint julien de gras";"";"0";"0";"1";"0";"";"";"Epicerie frais";"750.00";"KOMBUCHA THE ORTIE MELISSE"
"446";"SORBET CHOCOLAT 500ML";"Epicerie frais";"N/A";"6.00000";"Belladones";"";"7.00000";"0.05500";"2430000004469";"";"0.00000";"";"";"";"0";"0";"1";"0";"";"";"Epicerie frais";"500.00";"SORBET CHOCOLAT"
"447";"SORBET CASSEILLE 500ML";"Epicerie frais";"N/A";"6.00000";"Belladones";"";"7.00000";"0.05500";"2430000004476";"";"0.00000";"";"";"";"0";"0";"1";"0";"";"";"Epicerie frais";"500.00";"SORBET CASSEILLE"
"448";"VENTRECHE";"Charcuterie";"N/A";"0.03800";"Le Goulet";"";"0.04300";"0.05500";"2430000004483";"";"0.04300";"";"roquefeuille";"";"0";"0";"1";"0";"";"";"Charcuterie";"0.00";"VENTRECHE"
"449";"TISANE RELAXANTE ( UN PEU BEAUCOUP PASSION ET PLANTES )";"Artisanat";"N/A";"4.50000";"Un peu beaucoup Passions et Plantes( Cathy Tisseyr";"Cathy Tisseyre";"5.50000";"0.00000";"2430000004490";"";"5.50000";"";"";"";"0";"0";"1";"0";"";"";"Artisanat";"0.00";"TISANE RELAXANTE"
"450";"TISANE CIRCULATION ( UN PEU BEAUCOUP PASSIONS ET PLANTES )";"Artisanat";"N/A";"4.50000";"Un peu beaucoup Passions et Plantes( Cathy Tisseyr";"Cathy Tisseyre";"5.50000";"0.00000";"2430000004506";"";"5.50000";"";"";"";"0";"0";"1";"0";"";"";"Artisanat";"0.00";"TISANE CIRCULATION"
"451";"TISANE DIGESTION ( UN PEU BEAUCOUP PASSION ET PLANTES )";"Artisanat";"N/A";"4.50000";"Un peu beaucoup Passions et Plantes( Cathy Tisseyr";"Cathy Tisseyre";"5.50000";"0.00000";"2430000004513";"";"5.50000";"";"";"";"0";"0";"1";"0";"";"";"Artisanat";"0.00";"TISANE DIGESTION"
"452";"SORBET FRAMBOISE 500ML";"Epicerie frais";"N/A";"6.00000";"Belladones";"";"7.00000";"0.05500";"2430000004520";"";"0.00000";"";"";"";"0";"0";"1";"0";"";"";"Epicerie frais";"500.00";"SORBET FRAMBOISE"
"454";"SORBET SUREAU 500ML";"Epicerie frais";"N/A";"6.00000";"Belladones";"";"7.00000";"0.05500";"2430000004544";"";"0.00000";"";"";"";"0";"0";"1";"0";"";"";"Epicerie frais";"500.00";"SORBET SUREAU"
"455";"PÂTES DE LENTILLES VERTES 400G";"Epicerie sec";"N/A";"3.35000";"Du bio dans l'assiette";"";"4.59000";"0.05500";"2430000004551";"";"3.89000";"";"";"";"0";"0";"1";"0";"";"";"Epicerie sec";"400.00";"PÂTES DE LENTILLES VERTES"
"456";"PÂTES DE PETIT ÉPEAUTRE 400G";"Epicerie sec";"N/A";"3.15000";"Du bio dans l'assiette";"";"4.32000";"0.05500";"2430000004568";"";"3.66000";"";"";"";"0";"0";"1";"0";"";"";"Epicerie sec";"400.00";"PÂTES DE PETIT ÉPEAUTRE"
"457";"PÂTES DE BLÉS ANCIENS 400G";"Epicerie sec";"N/A";"2.91000";"Du bio dans l'assiette";"";"3.99000";"0.05500";"2430000004575";"";"3.38000";"";"";"";"0";"0";"1";"0";"";"";"Epicerie sec";"400.00";"PÂTES DE BLÉS ANCIENS"
"458";"STICK À LÈVRES";"Hygiene";"N/A";"3.30000";"Les herbes d’Aure";"";"5.00000";"0.20000";"2430000004582";"";"5.50000";"";"";"";"0";"0";"1";"0";"";"";"Hygiene";"0.00";"STICK À LÈVRES"
"460";"ABRICOT";"Fruits et legumes";"N/A";"0.00429";"Relais Vert";"";"0.00588";"0.05500";"2430000004605";"";"0.00498";"";"";"";"0";"0";"1";"0";"";"";"Fruits et legumes";"0.00";""
"463";"BETTERAVE BOTTE";"Fruits et legumes";"N/A";"2.20000";"La Peyrouse";"";"2.60000";"0.05500";"2430000004636";"";"0.00000";"";"";"";"0";"0";"1";"0";"";"";"Fruits et legumes";"0.00";""
"464";"FENOUIL";"Fruits et legumes";"N/A";"0.00300";"La Peyrouse";"";"0.00360";"0.05500";"2430000004643";"";"0.00000";"";"";"";"0";"0";"1";"0";"";"";"Fruits et legumes";"0.00";""
"466";"THE VERT JASMIN";"Epicerie sec";"N/A";"5.10000";"SURYA the LERAN";"SURYA the";"6.10000";"0.00000";"2430000004667";"";"0.00000";"";"";"";"0";"0";"1";"0";"";"";"Epicerie sec";"0.00";"THE VERT JASMIN"
"467";"THÉ VERT UNE NUIT À BANGKOK";"Epicerie sec";"N/A";"4.25000";"SURYA the LERAN";"";"5.10000";"0.00000";"2430000004674";"";"0.00000";"";"";"";"0";"0";"1";"0";"";"";"Epicerie sec";"0.00";"THÉ VERT UNE NUIT À BANGKOK"
"468";"THÉ NOIR ASSAM";"Epicerie sec";"N/A";"5.10000";"SURYA the LERAN";"";"6.10000";"0.00000";"2430000004681";"";"0.00000";"";"";"";"0";"0";"1";"0";"";"";"Epicerie sec";"0.00";"THÉ NOIR ASSAM"
"469";"ROOIBOS";"Epicerie sec";"N/A";"4.65000";"SURYA the LERAN";"";"5.60000";"0.00000";"2430000004698";"";"0.00000";"";"";"";"0";"0";"1";"0";"";"";"Epicerie sec";"0.00";"ROOIBOS"
"471";"MIXTE CHÈVRE BREBIS CROTTIN";"Epicerie frais";"N/A";"0.00000";"La ferme des folies bergères";"";"3.30000";"0.05500";"2430000004711";"";"0.00000";"";"";"";"0";"0";"1";"0";"";"";"Epicerie frais";"0.00";"MIXTE CHÈVRE BREBIS CROTTIN"
"472";"BREBIS AFFINÉ";"Epicerie frais";"N/A";"0.00000";"La ferme des folies bergères";"";"3.90000";"0.05500";"2430000004728";"";"0.00000";"";"";"";"0";"0";"1";"0";"";"";"Epicerie frais";"0.00";"BREBIS AFFINÉ"
"473";"MIEL DE MONTAGNE 500G";"Epicerie sec";"N/A";"0.00000";"Corinne Begue Apicultrice";"";"9.50000";"0.05500";"2430000004735";"";"0.00000";"";"";"";"0";"0";"1";"0";"";"";"Epicerie sec";"500.00";"MIEL DE MONTAGNE"
"474";"MIEL DE BRUYÈRE 500G";"Epicerie sec";"N/A";"0.00000";"Corinne Begue Apicultrice";"";"9.50000";"0.05500";"2430000004742";"";"0.00000";"";"";"";"0";"0";"1";"0";"";"";"Epicerie sec";"500.00";"MIEL DE BRUYÈRE"
"475";"MIEL DE BRUYÈRE 1KG";"Epicerie sec";"N/A";"0.00000";"Corinne Begue Apicultrice";"";"15.60000";"0.05500";"2430000004759";"";"0.00000";"";"";"";"0";"0";"1";"0";"";"";"Epicerie sec";"1000.00";"MIEL DE BRUYÈRE"
"476";"MIEL DE MONTAGNE 1KG";"Epicerie sec";"N/A";"0.00000";"Corinne Begue Apicultrice";"";"15.60000";"0.05500";"2430000004766";"";"0.00000";"";"";"";"0";"0";"1";"0";"";"";"Epicerie sec";"1000.00";"MIEL DE MONTAGNE"
"477";"TISANE DETOX";"Artisanat";"N/A";"4.50000";"Un peu beaucoup Passions et Plantes( Cathy Tisseyr";"";"5.50000";"0.00000";"2430000004773";"";"5.50000";"";"";"";"0";"0";"1";"0";"";"";"Artisanat";"0.00";"TISANE DETOX"
"478";"MESCLUN BIO ";"Fruits et legumes";"N/A";"0.00000";"Belladones";"";"0.01200";"0.05500";"2430000004780";"";"0.00000";"";"";"";"0";"0";"1";"0";"";"";"Fruits et legumes";"0.00";""
"479";"BASILIC";"Fruits et legumes";"N/A";"1.00000";"La Peyrouse";"";"1.30000";"0.05500";"2430000004797";"";"0.00000";"";"";"";"0";"0";"1";"0";"";"";"Fruits et legumes";"0.00";""
"480";"SORBET SUREAU 120ML";"Epicerie frais";"N/A";"2.50000";"Belladones";"";"3.50000";"0.05500";"2430000004803";"";"0.00000";"";"";"";"0";"0";"1";"0";"";"";"Epicerie frais";"120.00";"SORBET SUREAU"
"481";"SORBET CITRON ROMARIN 120ML";"Epicerie frais";"N/A";"2.50000";"Belladones";"";"3.50000";"0.05500";"2430000004810";"";"0.00000";"";"";"";"0";"0";"1";"0";"";"";"Epicerie frais";"120.00";"SORBET CITRON ROMARIN"
"482";"SORBET CASSIS 120ML";"Epicerie frais";"N/A";"2.50000";"Belladones";"";"3.50000";"0.05500";"2430000004827";"";"0.00000";"";"";"";"0";"0";"1";"0";"";"";"Epicerie frais";"120.00";"SORBET CASSIS"
"483";"SORBET CASSEILLE 120ML";"Epicerie frais";"N/A";"2.50000";"Belladones";"";"3.50000";"0.05500";"2430000004834";"";"0.00000";"";"";"";"0";"0";"1";"0";"";"";"Epicerie frais";"120.00";"SORBET CASSEILLE"
"484";"SORBET FRAMBOISE 120ML";"Epicerie frais";"N/A";"2.50000";"Belladones";"";"3.50000";"0.05500";"2430000004841";"";"0.00000";"";"";"";"0";"0";"1";"0";"";"";"Epicerie frais";"120.00";"SORBET FRAMBOISE"
"485";"SORBET CHOCOLAT 120ML";"Epicerie frais";"N/A";"2.50000";"Belladones";"";"3.50000";"0.05500";"2430000004858";"";"0.00000";"";"";"";"0";"0";"1";"0";"";"";"Epicerie frais";"120.00";"SORBET CHOCOLAT"
"487";"PASTEQUE";"Fruits et legumes";"N/A";"0.00169";"Relais Vert";"";"0.00232";"0.05500";"2430000004872";"";"0.00196";"";"";"";"0";"0";"1";"0";"";"";"Fruits et legumes";"0.00";""
"488";"NECTARINE";"Fruits et legumes";"N/A";"0.00590";"Relais Vert";"";"0.00809";"0.05500";"2430000004889";"";"0.00685";"";"";"";"0";"0";"1";"0";"";"";"Fruits et legumes";"0.00";""
"489";"CURCUMA RACINE";"Fruits et legumes";"N/A";"0.00654";"Relais Vert";"";"0.00842";"0.05500";"2430000004896";"";"0.00720";"";"";"";"0";"0";"1";"0";"";"";"Fruits et legumes";"0.00";""
"491";"TARTINES A LA CHÂTAIGNE (150G) LE PAIN DES FLEURS";"Epicerie sec";"N/A";"3.54000";"Relais Vert";"";"4.86000";"0.05500";"3380380037382";"";"4.11000";"";"";"";"0";"0";"1";"0";"";"";"Epicerie sec";"150.00";"TARTINES A LA CHÂTAIGNE"
"492";"RAISINS SULTANINES (250G) PHILIA";"Epicerie sec";"N/A";"2.61000";"Relais Vert";"";"3.58000";"0.05500";"3520831330130";"";"3.03000";"";"";"";"0";"0";"1";"0";"";"";"Epicerie sec";"250.00";"RAISINS SULTANINES"
"493";"FROMAGE BLANC 3% CAMPAGNARD (500G)";"Epicerie frais";"N/A";"2.65000";"Relais Vert";"";"3.44000";"0.05500";"3438860002044";"";"2.91000";"";"";"";"0";"0";"1";"0";"";"";"Epicerie frais";"500.00";"FROMAGE BLANC 3%"
"494";"MAYONNAISE DE LOUIS (245G)";"Epicerie sec";"N/A";"3.01000";"Relais Vert";"";"4.13000";"0.05500";"3258831020408";"";"3.50000";"";"";"";"0";"0";"1";"0";"";"";"Epicerie sec";"245.00";"MAYONNAISE DE LOUIS"
"495";"CHICOREE GRAIN (500G) LIMA";"Epicerie sec";"N/A";"4.15000";"Relais Vert";"";"5.69000";"0.05500";"5411788026253";"";"4.82000";"";"";"";"0";"0";"1";"0";"";"";"Epicerie sec";"500.00";"CHICOREE GRAIN"
"496";"FOURRES CHOCOLAT (175G) MOULIN DU PIVERT";"Epicerie sec";"N/A";"3.42000";"Relais Vert";"";"4.69000";"0.05500";"3268350120183";"";"3.97000";"";"";"";"0";"0";"1";"0";"";"";"Epicerie sec";"175.00";"FOURRES CHOCOLAT"
"497";"SORBET CASSIS 500ML";"Epicerie frais";"N/A";"6.00000";"Belladones";"";"7.00000";"0.05500";"2430000004971";"";"0.00000";"";"";"";"0";"0";"1";"0";"";"";"Epicerie frais";"500.00";"SORBET CASSIS"
"498";"NOCCIOLATA 650G";"Epicerie sec";"N/A";"7.03000";"Relais Vert";"";"9.64000";"0.05500";"8052575090315";"";"8.16000";"";"";"";"0";"0";"1";"0";"";"";"Epicerie sec";"650.00";"NOCCIOLATA"
"499";"YAOURT NATURE DE BREBIS";"Epicerie frais";"N/A";"1.20000";"Inconnu";"";"1.50000";"0.05500";"2430000004995";"";"0.00000";"";"";"";"0";"0";"1";"0";"";"";"Epicerie frais";"0.00";"YAOURT NATURE DE BREBIS"
"500";"YAOURT NATURE DE BREBIS";"Epicerie frais";"N/A";"1.20000";"Les brebis de la colline , Cyril , 0645520936";"";"1.50000";"0.05500";"2430000005008";"";"1.50000";"";"";"";"0";"0";"1";"0";"";"";"Epicerie frais";"0.00";"YAOURT NATURE DE BREBIS"
"501";"YAOURT VANILLE BREBIS";"Epicerie frais";"N/A";"1.40000";"Les brebis de la colline , Cyril , 0645520936";"";"1.80000";"0.05500";"2430000005015";"";"1.80000";"";"";"";"0";"0";"1";"0";"";"";"Epicerie frais";"0.00";"YAOURT VANILLE BREBIS"
"502";"YAOURT NATURE BREBIS 750ML ( GRAND FORMAT )";"Epicerie frais";"N/A";"6.50000";"Les brebis de la colline , Cyril , 0645520936";"";"7.00000";"0.05500";"2430000005022";"";"7.00000";"";"";"";"0";"0";"1";"0";"";"";"Epicerie frais";"750.00";"YAOURT NATURE BREBIS"
"503";"YAOURT VANILLE BREBIS 750ML ( GRAND FORMAT )";"Epicerie frais";"N/A";"7.50000";"Les brebis de la colline , Cyril , 0645520936";"";"8.00000";"0.05500";"2430000005039";"";"8.00000";"";"";"";"0";"0";"1";"0";"";"";"Epicerie frais";"750.00";"YAOURT VANILLE BREBIS"
"504";"FILET DE POULET";"Epicerie frais";"N/A";"0.01661";"Coustauss'oeufs";"";"0.02000";"0.05500";"2430000005046";"";"0.02000";"";"";"";"0";"0";"1";"0";"";"";"Epicerie frais";"0.00";"FILET DE POULET"
"505";"AGNEAU";"Epicerie frais";"N/A";"0.01600";"La ferme des folies bergères";"";"0.01700";"0.05500";"2430000005053";"";"0.01700";"";"";"";"0";"0";"1";"0";"";"";"Epicerie frais";"0.00";"AGNEAU"
"506";"AUBERGINE";"Fruits et legumes";"N/A";"0.00420";"David Rivel Gaillardet";"";"0.00500";"0.05500";"2430000005060";"";"0.00000";"";"";"";"0";"0";"1";"0";"";"";"Fruits et legumes";"0.00";""
"508";"TOMATE MARMANDE";"Fruits et legumes";"N/A";"0.00415";"La Peyrouse";"";"0.00520";"0.05500";"2430000005084";"";"0.00000";"";"";"";"0";"0";"1";"0";"";"";"Fruits et legumes";"0.00";""
"509";"POIVRON";"Fruits et legumes";"N/A";"0.00330";"Inconnu";"";"0.00395";"0.05500";"2430000005091";"";"0.00000";"";"";"";"0";"0";"1";"0";"";"";"Fruits et legumes";"0.00";""
"510";"EPINARDS ETE";"Fruits et legumes";"N/A";"0.00830";"David Rivel Gaillardet";"";"0.01000";"0.05500";"2430000005107";"";"0.01000";"";"";"";"0";"0";"1";"0";"";"";"Fruits et legumes";"0.00";""
"511";"CHAPELURE (DE VINCENT)";"VRAC";"N/A";"0.00000";"Miam";"";"0.01000";"0.05500";"2430000005114";"";"0.00000";"";"";"";"0";"0";"1";"0";"";"";"VRAC";"0.00";"CHAPELURE (DE VINCENT)"
"512";"SORBET FRAISE 500ML";"Epicerie frais";"N/A";"6.00000";"Belladones";"";"7.00000";"0.05500";"2430000005121";"";"0.00000";"";"";"";"0";"0";"1";"0";"";"";"Epicerie frais";"500.00";"SORBET FRAISE"
"513";"SORBET FRAISE 120ML";"Epicerie frais";"N/A";"2.50000";"Belladones";"";"3.50000";"0.05500";"2430000005138";"";"0.00000";"";"";"";"0";"0";"1";"0";"";"";"Epicerie frais";"120.00";"SORBET FRAISE"
"514";"OEUFS À L'UNITÉ";"Epicerie sec";"N/A";"0.39500";"Coustauss'oeufs";"";"0.41660";"0.05500";"2430000005145";"";"0.00000";"";"";"";"0";"0";"1";"0";"";"";"Epicerie sec";"0.00";"OEUFS À L'UNITÉ"
"515";"CUISSE DE POULET";"Epicerie frais";"N/A";"0.01500";"Coustauss'oeufs";"";"0.01800";"0.05500";"2430000005152";"";"0.00000";"";"";"";"0";"0";"1";"0";"";"";"Epicerie frais";"0.00";"CUISSE DE POULET"
"516";"PESTO ROSSO (140G) PHILIA";"Epicerie sec";"N/A";"1.94000";"Relais Vert";"";"2.66000";"0.05500";"3520832130531";"";"2.25000";"";"";"";"0";"0";"1";"0";"";"";"Epicerie sec";"140.00";"PESTO ROSSO"
"517";"PESTO BASILIC FRAIS (165G) BIOVERDE";"Epicerie sec";"N/A";"1.94000";"Relais Vert";"";"4.35000";"0.05500";"4000915104653";"";"3.68000";"";"";"";"0";"0";"1";"0";"";"";"Epicerie sec";"165.00";"PESTO BASILIC FRAIS"
"518";"COMTE RAPE 34%MG LAIT CRU VACHE AOP (100G) RBIO";"Epicerie frais";"N/A";"2.58000";"Relais Vert";"";"3.54000";"0.05500";"3700640470467";"";"2.99000";"";"";"";"0";"0";"1";"0";"";"";"Epicerie frais";"100.00";"COMTE RAPE LAIT CRU VACHE"
"519";"PARMESAN - PARMIGIANO REGGIANO AOP RAPE (60G) PHILIA";"Epicerie frais";"N/A";"1.45000";"Relais Vert";"";"1.99000";"0.05500";"3520833340205";"";"1.68000";"";"";"";"0";"0";"1";"0";"";"";"Epicerie frais";"60.00";"PARMESAN"
"520";"ALGUES DE SAISON (120G) AQUA-B MARINOE";"Epicerie frais";"N/A";"2.84000";"Relais Vert";"";"3.89000";"0.05500";"3565840304123";"";"3.29000";"";"";"";"0";"0";"1";"0";"";"";"Epicerie frais";"120.00";"ALGUES DE SAISON"
"521";"CHAMPIGNONS DE PARIS EMINCES (400G - PNE 230G) LUCE";"Epicerie sec";"N/A";"4.19000";"Relais Vert";"";"5.75000";"0.05500";"3329489900623";"";"4.86000";"";"";"";"0";"0";"1";"0";"";"";"Epicerie sec";"400.00";"CHAMPIGNONS DE PARIS EMINCES"
"522";"COUSCOUS COMPLET (1KG) BIO POUR TOUS";"Epicerie sec";"N/A";"2.84000";"Relais Vert";"";"2.98000";"0.05500";"3760295170655";"";"2.52000";"";"";"";"0";"0";"1";"0";"";"";"Epicerie sec";"1000.00";"COUSCOUS COMPLET"
"523";"CAROTTES BOTTE";"Fruits et legumes";"N/A";"2.25000";"Relais Vert";"";"3.08000";"0.05500";"2430000005237";"";"2.61000";"";"";"";"0";"0";"1";"0";"";"";"Fruits et legumes";"0.00";""
"524";"PIGNONS DE PIN";"VRAC";"N/A";"0.02843";"Relais Vert";"";"0.04289";"0.05500";"2430000005244";"";"0.03299";"";"";"";"0";"0";"1";"0";"";"";"VRAC";"0.00";"PIGNONS DE PIN"
"525";"MÜESLI VRAC";"VRAC";"N/A";"0.00624";"Keramis";"";"0.00856";"0.05500";"2430000005251";"";"0.00724";"";"";"";"0";"0";"1";"0";"";"";"VRAC";"0.00";"MÜESLI VRAC"
"528";"CURCUMA VRAC";"VRAC";"N/A";"0.01412";"Keramis";"";"0.01936";"0.05500";"2430000005282";"";"0.01638";"";"";"";"0";"0";"1";"0";"";"";"VRAC";"0.00";"CURCUMA VRAC"
"529";"GRAINES DE CHIA";"VRAC";"N/A";"0.00716";"Keramis";"";"0.00982";"0.05500";"2430000005299";"";"0.00831";"";"";"";"0";"0";"1";"0";"";"";"VRAC";"0.00";"GRAINES DE CHIA"
"531";"BOULGOUR";"VRAC";"N/A";"0.00348";"Keramis";"";"0.00477";"0.05500";"2430000005312";"";"0.00404";"";"";"";"0";"0";"1";"0";"";"";"VRAC";"0.00";"BOULGOUR"
"532";"TOMATES SÉCHÉES";"VRAC";"N/A";"0.01270";"Keramis";"";"0.01740";"0.05500";"2430000005329";"";"0.01470";"";"";"";"0";"0";"1";"0";"";"";"VRAC";"0.00";"TOMATES SÉCHÉES"
"533";"FLOCONS D'AVOINE";"VRAC";"N/A";"0.00155";"Keramis";"";"0.00213";"0.05500";"2430000005336";"";"0.00180";"";"";"";"0";"0";"1";"0";"";"";"VRAC";"0.00";"FLOCONS D'AVOINE"
"534";"SPIRULINE 500G";"Epicerie sec";"N/A";"66.72000";"Spiruline dynamisee";"";"80.00000";"0.05500";"2430000005343";"";"80.00000";"";"";"";"0";"0";"1";"0";"";"";"Epicerie sec";"500.00";"SPIRULINE"
"537";"TOMME MIXTE (BREBIS CHÈVRE)";"Epicerie frais";"N/A";"0.02670";"La ferme des folies bergères";"";"0.03200";"0.05500";"2430000005374";"";"0.03200";"";"";"";"0";"0";"1";"0";"";"";"Epicerie frais";"0.00";"TOMME MIXTE (BREBIS CHÈVRE)"
"539";"COMPOTE DE POMMES-FIGUES (330G)";"Epicerie sec";"N/A";"2.65000";"Claude Fressonnet";"";"3.50000";"0.05500";"2430000005398";"";"0.00000";"";"";"";"0";"0";"1";"0";"";"";"Epicerie sec";"330.00";"COMPOTE DE POMMES-FIGUES"
"540";"CONFITURE DE PASTÈQUE-ORANGE-CITRON (230G)";"Epicerie sec";"N/A";"2.58000";"Claude Fressonnet";"";"3.40000";"0.05500";"2430000005404";"";"0.00000";"";"";"";"0";"0";"1";"0";"";"";"Epicerie sec";"230.00";"CONFITURE PASTÈQUE-ORANGE-CITRON"
"541";"CONFITURE DE PRUNES (400G)";"Epicerie sec";"N/A";"3.56000";"Claude Fressonnet";"";"4.70000";"0.05500";"2430000005411";"";"0.00000";"";"";"";"0";"0";"1";"0";"";"";"Epicerie sec";"400.00";"CONFITURE DE PRUNES"
"542";"CREME FRAICHE EPAISSE VACHE 40% MG (20CL) BIOCHAMPS";"Epicerie frais";"N/A";"1.86000";"Relais Vert";"";"2.55000";"0.05500";"3375610000250";"";"2.16000";"";"";"";"0";"0";"1";"0";"";"";"Epicerie frais";"200.00";"CREME FRAICHE EPAISSE 40%"
"543";"PUREE DE POMMES PRUNEAUX (630G) COTEAUX NANTAIS";"Epicerie sec";"N/A";"3.78000";"Relais Vert";"";"5.18000";"0.05500";"3301597002413";"";"4.39000";"";"";"";"0";"0";"1";"0";"";"";"Epicerie sec";"630.00";"PUREE DE POMMES PRUNEAUX"
"544";"TOFU ROSSO (200G) TAIFUN";"Epicerie frais";"N/A";"2.46000";"Relais Vert";"";"3.37000";"0.05500";"4012359114303";"";"2.86000";"";"";"";"0";"0";"1";"0";"";"";"Epicerie frais";"200.00";"TOFU ROSSO TAIFUN"
"545";"TOFU FUME (200G) TAIFUN";"Epicerie frais";"N/A";"2.10000";"Relais Vert";"";"2.88000";"0.05500";"4012359111104";"";"2.44000";"";"";"";"0";"0";"1";"0";"";"";"Epicerie frais";"200.00";"TOFU FUME TAIFUN"
"546";"RIZ AU LAIT DE COCO SUR LIT DE MANGUE PASSION (125G) MO RICE";"Epicerie frais";"N/A";"1.56000";"Relais Vert";"";"2.14000";"0.05500";"3770011009435";"";"1.81000";"";"";"";"0";"0";"1";"0";"";"";"Epicerie frais";"125.00";"RIZ AU LAIT COCO MANGUE PASSION"
"547";"SARDINES A L'HUILE D'OLIVE PECHE RESPONSABLE -50% DE SEL (115G) PHARE D'ECKMUHL";"Epicerie sec";"N/A";"3.21000";"Relais Vert";"";"4.40000";"0.05500";"3263670793666";"";"3.73000";"";"";"";"0";"0";"1";"0";"";"";"Epicerie sec";"115.00";"SARDINES HUILE D'OLIVE"
"549";"ORTIE EN POUDRE";"Epicerie sec";"N/A";"6.32000";"Inconnu";"";"8.00000";"0.05500";"2430000005497";"";"0.00000";"";"";"";"0";"0";"1";"0";"";"";"Epicerie sec";"0.00";"ORTIE EN POUDRE"
"551";"ORTIE EN GRAINES";"Epicerie sec";"N/A";"7.90000";"Inconnu";"";"10.00000";"0.05500";"2430000005510";"";"0.00000";"";"";"";"0";"0";"1";"0";"";"";"Epicerie sec";"0.00";"ORTIE EN GRAINES"
"552";"BRIOCHE";"Pain & Viennoiseries";"N/A";"4.97000";"Inconnu";"";"6.30000";"0.05500";"2430000005527";"";"0.00000";"";"";"";"0";"0";"1";"0";"";"";"Pain & Viennoiseries";"0.00";""
"553";"PESTO VERDE PHILIA (140G) ";"Epicerie sec";"N/A";"1.94000";"Relais Vert";"";"2.66000";"0.05500";"2430000005534";"";"2.25000";"";"";"";"0";"0";"1";"0";"";"";"Epicerie sec";"140.00";"PESTO VERDE PHILIA"
"554";"PÊCHE PLATE BLANCHE";"Fruits et legumes";"N/A";"0.00419";"Relais Vert";"";"0.00575";"0.05500";"2430000005541";"";"0.00486";"";"";"";"0";"0";"1";"0";"";"";"Fruits et legumes";"0.00";""
"555";"KOMBUCHA 33 CL CURCUMA POIVRE";"Epicerie frais";"N/A";"1.90000";"Dame K";"";"2.40000";"0.05500";"3770029772017";"";"0.00000";"";"";"";"0";"0";"1";"0";"";"";"Epicerie frais";"330.00";"KOMBUCHA CURCUMA POIVRE"
"556";"KOMBUCHA 33 CL COMBAVA";"Epicerie frais";"N/A";"1.90000";"Dame K";"";"2.40000";"0.05500";"3770029772093";"";"0.00000";"";"";"";"0";"0";"1";"0";"";"";"Epicerie frais";"330.00";"KOMBUCHA COMBAVA"
"557";"KOMBUCHA 33 CL HIBISCUS ORANGE";"Epicerie frais";"N/A";"1.90000";"Dame K";"";"2.40000";"0.05500";"3770029772062";"";"0.00000";"";"";"";"0";"0";"1";"0";"";"";"Epicerie frais";"330.00";"KOMBUCHA HIBISCUS ORANGE"
"558";"KOMBUCHA 33 CL POMME ORTIE";"Epicerie frais";"N/A";"1.90000";"Dame K";"";"2.40000";"0.05500";"3770029772031";"";"0.00000";"";"";"";"0";"0";"1";"0";"";"";"Epicerie frais";"330.00";"KOMBUCHA POMME ORTIE"
"559";"PESTO AIL DES OURS CRU";"Epicerie frais";"N/A";"7.00000";"Les jardins de Françoise";"";"9.00000";"0.05500";"2430000005596";"";"0.00000";"";"";"";"0";"0";"1";"0";"";"";"Epicerie frais";"0.00";"PESTO AIL DES OURS CRU"
"560";"SORBET FRUITS ROUGES 120ML";"Epicerie frais";"N/A";"2.50000";"Belladones";"";"3.50000";"0.05500";"2430000005602";"";"0.00000";"";"";"";"0";"0";"1";"0";"";"";"Epicerie frais";"120.00";"SORBET FRUITS ROUGES"
"561";"CONFITURE DE FRAISE 110G";"Epicerie sec";"N/A";"3.80000";"Le cabanon des delices";"";"4.80000";"0.05500";"2430000005619";"";"0.00000";"";"";"";"0";"0";"1";"0";"";"";"Epicerie sec";"110.00";"CONFITURE DE FRAISE"
"563";"CONFIT DE CITRON JAUNE 110G";"Epicerie sec";"N/A";"3.80000";"Le cabanon des delices";"";"4.80000";"0.05500";"2430000005633";"";"0.00000";"";"";"";"0";"0";"1";"0";"";"";"Epicerie sec";"110.00";"CONFIT DE CITRON JAUNE"
"564";"GELEE DE CASSIS 110G";"Epicerie sec";"N/A";"3.80000";"Le cabanon des delices";"";"4.80000";"0.05500";"2430000005640";"";"0.00000";"";"";"";"0";"0";"1";"0";"";"";"Epicerie sec";"110.00";"GELEE DE CASSIS"
"565";"PISTOU BASILIC110G";"Epicerie sec";"N/A";"3.80000";"Le cabanon des delices";"";"4.80000";"0.05500";"2430000005657";"";"0.00000";"";"";"";"0";"0";"1";"0";"";"";"Epicerie sec";"110.00";"PISTOU BASILIC"
"567";"CONFITURE DE FRAMBOISE 110G";"Epicerie sec";"N/A";"3.80000";"Le cabanon des delices";"";"4.80000";"0.05500";"2430000005671";"";"0.00000";"";"";"";"0";"0";"1";"0";"";"";"Epicerie sec";"110.00";"CONFITURE DE FRAMBOISEG"
"568";"CONFITURE DE FLEURS D'ACACIA 110G";"Epicerie sec";"N/A";"3.80000";"Le cabanon des delices";"";"4.80000";"0.05500";"2430000005688";"";"0.00000";"";"";"";"0";"0";"1";"0";"";"";"Epicerie sec";"110.00";"CONFITURE FLEURS D'ACACIA"
"569";"CONFITURE DE FLEURS DE LAVANDE110G";"Epicerie sec";"N/A";"3.80000";"Le cabanon des delices";"";"4.80000";"0.05500";"2430000005695";"";"0.00000";"";"";"";"0";"0";"1";"0";"";"";"Epicerie sec";"110.00";"CONFITURE FLEURS DE LAVANDE"
"570";"KOMBUCHA FRAICHEUR D ETE 75CL";"Epicerie frais";"N/A";"5.11848";"Les terres sauvages";"";"6.00000";"0.05500";"2430000005701";"";"0.00000";"";"";"";"0";"0";"1";"0";"";"";"Epicerie frais";"750.00";"KOMBUCHA FRAICHEUR D ETE"
"571";"JUS DE POMME PÊCHE ABRICOT BIO 75 CL";"Epicerie sec";"N/A";"2.80000";"sibio";"";"3.55000";"0.05500";"3760227110384";"";"0.00000";"";"";"";"0";"0";"1";"0";"";"";"Epicerie sec";"750.00";"JUS DE POMME PÊCHE ABRICOT"
"573";"JUS DE POMME POIRE BIO 25 CL";"Epicerie sec";"N/A";"1.39000";"sibio";"";"1.76000";"0.05500";"3760227110544";"";"0.00000";"";"";"";"0";"0";"1";"0";"";"";"Epicerie sec";"250.00";"JUS DE POMME POIRE BIO"
"574";"JUS DE POMME PÊCHE ABRICOT BIO 25 CL";"Epicerie sec";"N/A";"1.39000";"sibio";"";"1.76000";"0.05500";"3760227110537";"";"0.00000";"";"";"";"0";"0";"1";"0";"";"";"Epicerie sec";"250.00";"JUS DE POMME PÊCHE ABRICOT"
"575";"THÉ SENCHA POIRE SUREAU BIO 33CL";"Epicerie sec";"N/A";"1.46000";"sibio";"";"1.85000";"0.05500";"3760227111428";"";"0.00000";"";"";"";"0";"0";"1";"0";"";"";"Epicerie sec";"330.00";"THÉ SENCHA POIRE SUREAU"
"576";"THÉ NOIR FRAISE HIBISCUS 33CL";"Epicerie frais";"N/A";"1.46000";"sibio";"";"1.85000";"0.05500";"3760227111411";"";"0.00000";"";"";"";"0";"0";"1";"0";"";"";"Epicerie frais";"330.00";"THÉ NOIR FRAISE HIBISCUS"
"577";"PÉTILLANT CITRON 33CL";"Epicerie sec";"N/A";"0.00000";"sibio";"";"1.81000";"0.05500";"3760227111473";"";"0.00000";"";"";"";"0";"0";"1";"0";"";"";"Epicerie sec";"330.00";"PÉTILLANT CITRON"
"578";"PÉTILLANT GINGEMBRE 33CL";"Epicerie sec";"N/A";"0.00000";"sibio";"";"1.97000";"0.05500";"3760227111466";"";"0.00000";"";"";"";"0";"0";"1";"0";"";"";"Epicerie sec";"330.00";"PÉTILLANT GINGEMBRE"
"579";"BOISSON TRIO RIZ EPEAUTRE NOISETTE (1L) BIO POUR TOUS";"Epicerie sec";"N/A";"1.82000";"Relais Vert";"";"2.50000";"0.05500";"3760295171409";"";"2.11000";"";"";"";"0";"0";"1";"0";"";"";"Epicerie sec";"1000.00";"BOISSON RIZ EPEAUTRE NOISETTE"
"580";"SPAGHETTI RIZ (500G) VALPIBIO";"Epicerie sec";"N/A";"5.72000";"Relais Vert";"";"7.85000";"0.05500";"3760038707667";"";"6.64000";"";"";"";"0";"0";"1";"0";"";"";"Epicerie sec";"500.00";"SPAGHETTI RIZ"
"581";"LEVURE BOULANGERE (3*9G) CULINAT";"Epicerie sec";"N/A";"3.21000";"Relais Vert";"";"4.40000";"0.05500";"3278584930045";"";"3.73000";"";"";"";"0";"0";"1";"0";"";"";"Epicerie sec";"27.00";"LEVURE BOULANGERE"
"582";"TEMPEH A CUISINER (2*100G) SOY";"Epicerie frais";"N/A";"3.54000";"Relais Vert";"";"4.86000";"0.05500";"3259011142132";"";"4.11000";"";"";"";"0";"0";"1";"0";"";"";"Epicerie frais";"200.00";"TEMPEH A CUISINER SOY"
"584";"HARICOTS VERTS";"Fruits et legumes";"N/A";"0.07300";"La Peyrouse";"";"0.01190";"0.05500";"2430000005848";"";"0.00000";"";"";"";"0";"0";"1";"0";"";"";"Fruits et legumes";"0.00";""
"585";"VINAIGRE AROMATIQUE MENAGER";"Hygiene";"N/A";"3.20000";"Naturellement Chouette";"";"3.84000";"0.20000";"2430000005855";"";"0.00000";"";"";"";"0";"0";"1";"0";"";"";"Hygiene";"0.00";"VINAIGRE AROMATIQUE MENAGER"
"586";"ARÔMES DE LA GUARRIGUE";"Epicerie sec";"N/A";"3.30000";"Naturellement Chouette";"";"3.96000";"0.20000";"2430000005862";"";"0.00000";"";"";"";"0";"0";"1";"0";"";"";"Epicerie sec";"0.00";"ARÔMES DE LA GUARRIGUE"
"587";"ZAATAR 60G";"Epicerie sec";"N/A";"5.80000";"Naturellement Chouette";"";"6.96000";"0.20000";"2430000005879";"";"0.00000";"";"";"";"0";"0";"1";"0";"";"";"Epicerie sec";"60.00";"ZAATAR"
"588";"HUILE ESSENTIELLE DE LAVANDE 10 ML";"Hygiene";"N/A";"6.50000";"Naturellement Chouette";"";"7.80000";"0.20000";"2430000005886";"";"0.00000";"";"";"";"0";"0";"1";"0";"";"";"Hygiene";"10.00";"HUILE ESSENTIELLE DE LAVANDE"
"589";"L ELIXIR MENTE GLACIALE";"Artisanat";"N/A";"4.74000";"Le cabanon des delices";"";"6.00000";"0.05500";"2430000005893";"";"0.00000";"";"";"";"0";"0";"1";"0";"";"";"Artisanat";"0.00";"L ELIXIR MENTE GLACIALE"
"590";"L ELIXIR COLA VEGETAL";"Artisanat";"N/A";"4.74000";"Le cabanon des delices";"";"6.00000";"0.05500";"2430000005909";"";"0.00000";"";"";"";"0";"0";"1";"0";"";"";"Artisanat";"0.00";"L ELIXIR COLA VEGETAL"
"591";"L ELIXIR VERVEINE CITRONNEE";"Artisanat";"N/A";"4.74000";"Le cabanon des delices";"";"6.00000";"0.05500";"2430000005916";"";"0.00000";"";"";"";"0";"0";"1";"0";"";"";"Artisanat";"0.00";"L ELIXIR VERVEINE CITRONNEE"
"592";"L ELIXIR BAIE DE SUREAU";"Artisanat";"N/A";"4.74000";"Le cabanon des delices";"";"6.00000";"0.05500";"2430000005923";"";"0.00000";"";"";"";"0";"0";"1";"0";"";"";"Artisanat";"0.00";"L ELIXIR BAIE DE SUREAU"
"594";"BEURRE DE BARATTE GRAND CRU DEMI SEL (250G)";"Epicerie frais";"N/A";"4.07000";"Relais Vert";"";"5.58000";"0.05500";"3252920015658";"";"4.73000";"";"";"";"0";"0";"1";"0";"";"";"Epicerie frais";"250.00";"BEURRE BARATTE DEMI SEL"
"595";"BEURRE DE BARATTE GRAND CRU DOUX (250G)";"Epicerie frais";"N/A";"4.07000";"Relais Vert";"";"5.58000";"0.05500";"3252920015603";"";"4.73000";"";"";"";"0";"0";"1";"0";"";"";"Epicerie frais";"250.00";"BEURRE BARATTE DOUX"
"596";"CACAHUETES GRILLEES SALEES (200G) PHILIA";"Epicerie sec";"N/A";"2.04000";"Relais Vert";"";"2.80000";"0.05500";"3520832640351";"";"2.37000";"";"";"";"0";"0";"1";"0";"";"";"Epicerie sec";"200.00";"CACAHUETES GRILLEES SALEES"
"597";"SORBET POIRE 120ML";"Epicerie frais";"N/A";"2.50000";"Belladones";"";"3.50000";"0.05500";"2430000005978";"";"0.00000";"";"";"";"0";"0";"1";"0";"";"";"Epicerie frais";"120.00";"SORBET POIRE"
"598";"SORBET POIRE 500ML";"Epicerie frais";"N/A";"2.50000";"Belladones";"";"7.00000";"0.05500";"2430000005985";"";"0.00000";"";"";"";"0";"0";"1";"0";"";"";"Epicerie frais";"500.00";"SORBET POIRE"
"599";"THÉ VERT UNION";"Epicerie sec";"N/A";"5.10000";"SURYA the LERAN";"";"6.40000";"0.05500";"2430000005992";"";"0.00000";"";"";"";"0";"0";"1";"0";"";"";"Epicerie sec";"0.00";"THÉ VERT UNION"
"600";"JUS DE POMME POIRE BIO 75 CL";"Epicerie sec";"N/A";"2.80000";"sibio";"";"3.55000";"0.05500";"3760227110407";"";"0.00000";"";"";"";"0";"0";"1";"0";"";"";"Epicerie sec";"750.00";"JUS DE POMME POIRE BIO"
"601";"TOMATES ANCIENNES RIVEL";"Fruits et legumes";"N/A";"0.00340";"David Rivel Gaillardet";"";"0.00410";"0.05500";"2430000006012";"";"0.00000";"";"";"";"0";"0";"1";"0";"";"";"Fruits et legumes";"0.00";""
"603";"LIQUIDE VAISSELLE H2OATHOME BOUTEILLE A DILUER (A MOITIÉ VIDE)";"Hygiene";"N/A";"6.70000";"Kyra De Launois VDI H2OatHOME";"";"8.00000";"0.20000";"2430000006036";"";"0.00000";"";"";"";"0";"0";"1";"0";"";"";"Hygiene";"0.00";"LIQUIDE VAISSELLE A DILUER"
"604";"RECHARGE (3*167ML) LIQUIDE VAISSELLE H2OATHOME";"Hygiene";"N/A";"4.60000";"Kyra De Launois VDI H2OatHOME";"";"16.50000";"0.20000";"2430000006043";"";"0.00000";"";"";"";"0";"0";"1";"0";"";"";"Hygiene";"501.00";"RECHARGE (3*167ML) VAISSELLE"
"605";"POMPE INOX POUR LIQUIDE VAISSELLE H2OATHOME";"Hygiene";"N/A";"7.10000";"Kyra De Launois VDI H2OatHOME";"";"8.50000";"0.20000";"2430000006050";"";"0.00000";"";"";"";"0";"0";"1";"0";"";"";"Hygiene";"0.00";"POMPE INOX POUR LIQUIDE VAISSELLE"
"606";"KOMBUCHA NATURE75CL";"Epicerie frais";"N/A";"5.11848";"Les terres sauvages";"";"6.00000";"0.05500";"2430000006067";"";"0.00000";"";"";"";"0";"0";"1";"0";"";"";"Epicerie frais";"750.00";"KOMBUCHA NATURE"
"607";"AGAR AGAR BIO EN POUDRE (50G) NATALI";"Epicerie sec";"N/A";"4.98000";"Relais Vert";"";"6.83000";"0.05500";"3176800001831";"";"5.78000";"";"";"";"0";"0";"1";"0";"";"";"Epicerie sec";"50.00";"AGAR AGAR BIO EN POUDRE"
"608";"POIS CHICHES AU NATUREL (300G - PNE 220G) ALCE NERO";"Epicerie sec";"N/A";"1.77000";"Relais Vert";"";"2.43000";"0.05500";"8009004908246";"";"2.05000";"";"";"";"0";"0";"1";"0";"";"";"Epicerie sec";"300.00";"POIS CHICHES AU NATUREL"
"609";"HARICOTS VERTS EXTRA FINS (345G - PNE 195G) PROSAIN";"Epicerie sec";"N/A";"2.88000";"Relais Vert";"";"3.95000";"0.05500";"3335880004624";"";"3.34000";"";"";"";"0";"0";"1";"0";"";"";"Epicerie sec";"345.00";"HARICOTS VERTS EXTRA FINS"
"610";"SARDINES HUILE D'OLIVE (190G - PNE 140G) ORTIZ";"Epicerie sec";"N/A";"5.28000";"Relais Vert";"";"7.24000";"0.05500";"8411320801017";"";"6.13000";"";"";"";"0";"0";"1";"0";"";"";"Epicerie sec";"190.00";"SARDINES HUILE D'OLIVE"
"611";"	 HERBES DE PROVENCE (50G) ARCADIE - L'HERBIER";"Epicerie sec";"N/A";"3.08000";"Relais Vert";"";"4.22000";"0.05500";"3417960039044";"";"3.57000";"";"";"";"0";"0";"1";"0";"";"";"Epicerie sec";"50.00";" HERBES DE PROVENCE"
"613";"KEFIR DE BREBIS (400G) GABORIT";"Epicerie frais";"N/A";"3.11000";"Relais Vert";"";"3.60000";"0.05500";"3438860001740";"";"3.28000";"";"";"";"0";"0";"1";"0";"";"";"Epicerie frais";"400.00";"KEFIR DE BREBIS"
"614";"BARQUETTE TOMATE CERISE";"Fruits et legumes";"N/A";"3.50000";"Inconnu";"";"4.10000";"0.20000";"2430000006142";"";"0.00000";"";"";"";"0";"0";"1";"0";"";"";"Fruits et legumes";"0.00";""
"615";"TOMATES RONDES PUIVERT";"Fruits et legumes";"N/A";"2.80000";"Inconnu";"";"0.00320";"0.05500";"2430000006159";"";"0.00000";"";"";"";"0";"0";"1";"0";"";"";"Fruits et legumes";"0.00";""
"616";"NOUILLES DE RIZ BLANC YAKSO 220G";"Epicerie sec";"N/A";"2.30000";"Relais Vert";"";"3.15000";"0.05500";"8718754500517";"";"2.67000";"";"";"";"0";"0";"1";"0";"";"";"Epicerie sec";"220.00";"NOUILLES DE RIZ BLANC"
"617";"SHAMPOOING DOUCHE DES FAMILLES (1L)";"Hygiene";"N/A";"9.78000";"Relais Vert";"";"13.40000";"0.20000";"3380380050824";"";"11.35000";"";"";"";"0";"0";"1";"0";"";"";"Hygiene";"1000.00";"SHAMPOOING DOUCHE DES FAMILLES"
"618";"OIGNONS ROSES";"Fruits et legumes";"N/A";"0.00230";"Relais Vert";"";"0.00316";"0.05500";"2430000006180";"";"0.00267";"";"";"";"0";"0";"1";"0";"";"";"Fruits et legumes";"0.00";""
"620";"RADIS BLEU";"Fruits et legumes";"N/A";"0.00275";"Relais Vert";"";"0.00377";"0.05500";"2430000006203";"";"0.00319";"";"";"";"0";"0";"1";"0";"";"";"Fruits et legumes";"0.00";""
"621";"CHOU VERT";"Fruits et legumes";"N/A";"0.00170";"Relais Vert";"";"0.00197";"0.05500";"2430000006210";"";"0.00233";"";"";"";"0";"0";"1";"0";"";"";"Fruits et legumes";"0.00";""
"623";"PATATES DOUCES";"Fruits et legumes";"N/A";"0.00390";"Relais Vert";"";"0.00510";"0.05500";"2430000006234";"";"0.00429";"";"";"";"0";"0";"1";"0";"";"";"Fruits et legumes";"0.00";""
"624";"YAOURT DE VACHE DEMI ECREME NATURE (500G) GABORIT";"Epicerie frais";"N/A";"1.86000";"Relais Vert";"";"2.43000";"0.05500";"3438860001139";"";"0.00000";"";"";"";"0";"0";"1";"0";"";"";"Epicerie frais";"500.00";"YAOURT VACHE NATURE"
"625";"MELON";"Fruits et legumes";"N/A";"1.79000";"Relais Vert";"";"2.46000";"0.05500";"2430000006258";"";"2.08000";"";"";"";"0";"0";"1";"0";"";"";"Fruits et legumes";"0.00";""
"626";"CONFIT DE ROSE 110G";"Epicerie sec";"N/A";"3.80000";"Le cabanon des delices";"";"4.80000";"0.05500";"2430000006265";"";"0.00000";"";"";"";"0";"0";"1";"0";"";"";"Epicerie sec";"110.00";"CONFIT DE ROSE"
"627";"TISANE ÉNERGIE DES PRÉS (35G)";"Epicerie sec";"N/A";"4.00000";"Les herbes d’Aure";"";"6.00000";"0.05500";"123456";"";"0.00000";"";"";"";"0";"0";"1";"0";"";"";"Epicerie sec";"35.00";"TISANE ÉNERGIE DES PRÉS"
"628";"FIGUES FRAÎCHES ";"Fruits et legumes";"N/A";"0.00500";"Inconnu";"";"0.00600";"0.05500";"2430000006289";"";"0.00000";"";"";"";"0";"0";"1";"0";"";"";"Fruits et legumes";"0.00";""
"629";"ECHALOTTE PUIVERT";"Fruits et legumes";"N/A";"0.06500";"La Peyrouse";"";"0.00790";"0.05500";"2430000006296";"";"0.00000";"";"";"";"0";"0";"1";"0";"";"";"Fruits et legumes";"0.00";""
"630";"OIGNONS JAUNES PUIVERT";"Fruits et legumes";"N/A";"0.00320";"La Peyrouse";"";"0.00385";"0.05500";"2430000006302";"";"0.00000";"";"";"";"0";"0";"1";"0";"";"";"Fruits et legumes";"0.00";""
"631";"KETCHUP SANS SUCRE  LUCE 500G";"Epicerie sec";"N/A";"3.28000";"Relais Vert";"";"4.45000";"0.05500";"3329489901514";"";"3.80000";"";"";"";"0";"0";"1";"0";"";"";"Epicerie sec";"500.00";"KETCHUP SANS SUCRE"
"632";"FECULE DE MAIS (250G) PRIMEAL";"Epicerie sec";"N/A";"2.27000";"Relais Vert";"";"3.11000";"0.05500";"3380390000444";"";"2.64000";"";"";"";"0";"0";"1";"0";"";"";"Epicerie sec";"250.00";"FECULE DE MAIS"
"633";"HUILE DE COCO VIERGE (500ML) BIOPOURTOUS";"Epicerie sec";"N/A";"5.93000";"Relais Vert";"";"8.13000";"0.05500";"3760295170051";"";"6.88000";"";"";"";"0";"0";"1";"0";"";"";"Epicerie sec";"500.00";"HUILE DE COCO VIERGE"
"634";"HARICOTS ROUGES (345G - PNE 255G) PROSAIN";"Epicerie sec";"N/A";"2.29000";"Relais Vert";"";"3.14000";"0.05500";"3335880004686";"";"2.66000";"";"";"";"0";"0";"1";"0";"";"";"Epicerie sec";"345.00";"HARICOTS ROUGES"
"635";"VEGE TRANCHE A L'ITALIENNE X12 (100G) WHEATY";"Epicerie sec";"N/A";"2.21000";"Relais Vert";"";"3.03000";"0.05500";"4032277012284 ";"";"2.56000";"";"";"";"0";"0";"1";"0";"";"";"Epicerie sec";"100.00";"VEGE TRANCHE A L'ITALIENNE X12"
"636";"CHOUX FLEUR PCE CAT II";"Fruits et legumes";"N/A";"3.02000";"Relais Vert";"";"3.95000";"0.05500";"2430000006364";"";"3.32000";"";"";"";"0";"0";"1";"0";"";"";"Fruits et legumes";"0.00";""
"637";"POMME DE TERRE ROUGE MONTBEL";"Fruits et legumes";"N/A";"0.00000";"Inconnu";"";"0.00240";"0.20000";"2430000006371";"";"0.00000";"";"";"";"0";"0";"1";"0";"";"";"Fruits et legumes";"0.00";""
"638";" PURÉE POMME POIRE BIO - 560G";"Epicerie sec";"N/A";"2.80000";"sibio";"";"3.55000";"0.05500";"2430000006388";"";"0.00000";"";"";"";"0";"0";"1";"0";"";"";"Epicerie sec";"560.00";" PURÉE POMME POIRE BIO"
"640";"JUS POMME KIWI 75 CL";"Epicerie sec";"N/A";"2.85000";"sibio";"";"3.55000";"0.05500";"3760227111084";"";"0.00000";"";"";"";"0";"0";"1";"0";"";"";"Epicerie sec";"750.00";"JUS POMME KIWI"
"641";"NECTAR ABRICOT 75 CL";"Epicerie sec";"N/A";"2.85000";"sibio";"";"3.55000";"0.05500";"3760227110308";"";"0.00000";"";"";"";"0";"0";"1";"0";"";"";"Epicerie sec";"750.00";"NECTAR ABRICOT"
"642";"CONFITURE DE FRAISE 300G LA PEYROUSE";"Epicerie sec";"N/A";"5.00000";"La Peyrouse";"";"6.00000";"0.05500";"2430000006425";"";"0.00000";"";"";"";"0";"0";"1";"0";"";"";"Epicerie sec";"300.00";"CONFITURE DE FRAISE"
"643";"RAISIN de Rouvenac ( exalta + Centennial )";"Fruits et legumes";"N/A";"0.00400";"Inconnu";"";"0.00490";"0.05500";"2430000006432";"";"0.00000";"";"";"";"0";"0";"1";"0";"";"";"Fruits et legumes";"0.00";""